,Rk,Player,Pos,Age,Team,G,MP,FG,2P,3P,eFG,FT,TS,FTr,3PAr,FG+,2P+,3P+,eFG+,FT+,TS+,FTr+,3PAr+,FG Add,TS Add
0,1,Precious Achiuwa,C,23,TOR,55,1140,.485,.564,.269,.521,.702,.554,.307,.267,102,103,74,96,90,95,115,69,-19.6,-25.1
1,2,Steven Adams,C,29,MEM,42,1133,.597,.599,.000,.597,.364,.564,.490,.004,126,109,,109,47,97,184,1,27.2,-10.7
2,3,Bam Adebayo,C,25,MIA,75,2598,.540,.545,.083,.541,.806,.592,.361,.011,114,100,23,99,103,102,135,3,-9.8,28.3
3,4,Ochai Agbaji,SG,22,UTA,59,1209,.427,.532,.355,.532,.812,.561,.179,.591,90,97,98,98,104,96,67,152,-9.9,-17.0
4,5,Santi Aldama,PF,22,MEM,77,1682,.470,.591,.353,.560,.750,.591,.274,.507,99,108,98,103,96,102,103,131,15.5,12.0
5,6,Nickeil Alexander-Walker,SG,24,TOT,59,884,.444,.515,.384,.547,.667,.565,.203,.539,93,94,106,100,85,97,76,139,1.3,-10.6
6,7,Nickeil Alexander-Walker,SG,24,UTA,36,528,.488,.578,.402,.591,.692,.609,.229,.512,103,106,112,108,89,105,86,132,15.6,10.4
7,8,Nickeil Alexander-Walker,SG,24,MIN,23,356,.384,.415,.361,.488,.619,.503,.168,.576,81,76,100,89,79,87,63,149,-14.3,-21.1
8,9,Grayson Allen,SG,27,MIL,72,1972,.440,.518,.399,.571,.905,.612,.226,.657,93,95,111,105,116,105,85,170,28.6,38.0
9,10,Jarrett Allen,C,24,CLE,68,2220,.644,.653,.100,.645,.733,.670,.353,.016,135,119,28,118,94,115,132,4,124.3,128.2
10,11,Jose Alvarado,PG,24,NOP,61,1310,.411,.488,.336,.496,.812,.525,.164,.505,86,89,93,91,104,90,61,130,-48.3,-59.4
11,12,Kyle Anderson,PF,29,MIN,69,1957,.509,.536,.410,.553,.735,.583,.275,.212,107,98,114,101,94,100,103,55,7.2,2.0
12,13,Giannis Antetokounmpo,PF,28,MIL,63,2024,.553,.596,.275,.572,.645,.605,.604,.134,116,109,76,105,83,104,227,35,67.3,78.4
13,14,Thanasis Antetokounmpo,PF,30,MIL,37,206,.435,.526,.000,.435,.500,.458,.478,.174,91,96,,80,64,79,179,45,-10.2,-13.7
14,15,Cole Anthony,PG,22,ORL,60,1552,.454,.500,.364,.516,.894,.570,.279,.338,96,91,101,95,114,98,105,87,-36.2,-15.1
15,16,OG Anunoby,SF,25,TOR,67,2386,.476,.539,.387,.556,.838,.586,.189,.415,100,98,107,102,107,101,71,107,18.9,9.8
16,17,Ryan Arcidiacono,PG,28,TOT,20,172,.243,.071,.348,.351,,.351,.000,.622,51,13,96,64,,60,,160,-14.3,-17.0
17,18,Ryan Arcidiacono,PG,28,NYK,11,26,.200,.000,.333,.300,,.300,.000,.600,42,,92,55,,52,,155,-2.5,-2.8
18,19,Ryan Arcidiacono,PG,28,POR,9,146,.250,.083,.350,.359,,.359,.000,.625,53,15,97,66,,62,,161,-11.9,-14.2
19,20,Deni Avdija,SF,22,WAS,76,2020,.437,.530,.297,.497,.739,.535,.285,.401,92,97,82,91,95,92,107,103,-56.4,-60.5
20,,,,,,,,,,,,,,,,,,,,,,,,,
21,,League Average,,,,,,.475,.548,.361,.545,.782,.581,.266,.387,,,,,,,,,,
22,,,,,,,,,,,,,,,,,,,,,,,,,
23,,,,,,,,Player Shooting %,Player Shooting %,Player Shooting %,Player Shooting %,Player Shooting %,Player Shooting %,Player Shooting %,Player Shooting %,League-Adjusted,League-Adjusted,League-Adjusted,League-Adjusted,League-Adjusted,League-Adjusted,League-Adjusted,League-Adjusted,,
24,Rk,Player,Pos,Age,Team,G,MP,FG,2P,3P,eFG,FT,TS,FTr,3PAr,FG+,2P+,3P+,eFG+,FT+,TS+,FTr+,3PAr+,FG Add,TS Add
25,21,Deandre Ayton,C,24,PHO,67,2035,.589,.597,.292,.592,.760,.617,.225,.027,124,109,81,109,97,106,85,7,83.7,69.5
26,22,Udoka Azubuike,C,23,UTA,36,359,.819,.819,,.819,.350,.774,.278,.000,172,150,,150,45,133,104,,39.5,31.1
27,23,Marvin Bagley III,C,23,DET,42,990,.529,.579,.288,.554,.750,.587,.283,.173,111,106,80,102,96,101,106,45,6.4,4.7
28,24,Patrick Baldwin Jr.,SF,20,GSW,31,226,.394,.440,.381,.541,.667,.546,.055,.771,83,80,106,99,85,94,21,199,-0.9,-7.8
29,25,LaMelo Ball,PG,21,CHO,36,1268,.411,.450,.376,.510,.836,.541,.169,.531,86,82,104,94,107,93,64,137,-50.3,-62.6
30,26,Mo Bamba,C,24,TOT,49,769,.485,.590,.387,.585,.661,.602,.257,.515,102,108,107,107,85,104,97,133,19.2,11.1
31,27,Mo Bamba,C,24,ORL,40,681,.495,.594,.398,.596,.686,.613,.238,.505,104,108,110,109,88,106,89,130,21.6,15.1
32,28,Mo Bamba,C,24,LAL,9,88,.407,.545,.312,.500,.545,.518,.407,.593,86,100,87,92,70,89,153,153,-2.4,-4.0
33,29,Paolo Banchero,PF,20,ORL,72,2430,.427,.471,.298,.465,.738,.529,.476,.254,90,86,83,85,94,91,179,66,-180.5,-140.5
34,30,Desmond Bane,SG,24,MEM,58,1841,.479,.534,.408,.568,.883,.606,.218,.433,101,97,113,104,113,104,82,112,42.0,50.5
35,31,Dalano Banton,PG,23,TOR,31,279,.423,.506,.294,.481,.708,.505,.185,.392,89,92,82,88,91,87,69,101,-16.8,-21.4
36,32,Dominick Barlow,PF,19,SAS,28,408,.535,.561,.000,.535,.720,.567,.291,.047,113,102,,98,92,98,109,12,-1.8,-2.8
37,33,Harrison Barnes,PF,30,SAC,82,2662,.473,.553,.374,.556,.847,.632,.522,.446,99,101,104,102,108,109,196,115,17.4,99.2
38,34,Scottie Barnes,SF,21,TOR,77,2678,.456,.505,.281,.487,.772,.524,.242,.220,96,92,78,89,99,90,91,57,-119.0,-127.9
39,35,RJ Barrett,SG,22,NYK,73,2475,.434,.495,.310,.485,.740,.531,.333,.332,91,90,86,89,95,91,125,86,-141.4,-136.6
40,36,Will Barton,SG,32,TOT,56,993,.379,.391,.367,.470,.787,.493,.129,.495,80,71,102,86,101,85,48,128,-54.9,-68.2
41,37,Will Barton,SG,32,WAS,40,782,.386,.395,.377,.477,.778,.504,.158,.484,81,72,104,88,99,87,59,125,-38.8,-47.3
42,38,Will Barton,SG,32,TOR,16,211,.354,.378,.333,.443,1.000,.451,.025,.532,75,69,92,81,128,78,10,137,-16.2,-20.9
43,39,Charles Bassey,C,22,SAS,35,508,.644,.661,.375,.656,.595,.658,.274,.059,136,121,104,120,76,113,103,15,29.8,23.1
44,40,Keita Bates-Diop,PF,27,SAS,67,1452,.508,.557,.394,.568,.793,.609,.323,.305,107,102,109,104,101,105,121,79,20.9,29.7
45,,,,,,,,,,,,,,,,,,,,,,,,,
46,,League Average,,,,,,.475,.548,.361,.545,.782,.581,.266,.387,,,,,,,,,,
47,,,,,,,,,,,,,,,,,,,,,,,,,
48,,,,,,,,Player Shooting %,Player Shooting %,Player Shooting %,Player Shooting %,Player Shooting %,Player Shooting %,Player Shooting %,Player Shooting %,League-Adjusted,League-Adjusted,League-Adjusted,League-Adjusted,League-Adjusted,League-Adjusted,League-Adjusted,League-Adjusted,,
49,Rk,Player,Pos,Age,Team,G,MP,FG,2P,3P,eFG,FT,TS,FTr,3PAr,FG+,2P+,3P+,eFG+,FT+,TS+,FTr+,3PAr+,FG Add,TS Add
50,41,Nicolas Batum,PF,34,LAC,78,1709,.420,.562,.391,.583,.708,.594,.126,.832,88,103,108,107,91,102,47,215,28.5,10.5
51,42,Darius Bazley,C,22,TOT,43,616,.454,.485,.377,.508,.543,.524,.383,.290,95,88,105,93,69,90,144,75,-13.6,-24.5
52,43,Darius Bazley,C,22,OKC,36,555,.449,.469,.400,.506,.554,.525,.411,.285,95,86,111,93,71,90,154,74,-12.3,-20.9
53,44,Darius Bazley,C,22,PHO,7,61,.480,.588,.250,.520,.400,.515,.200,.320,101,107,69,95,51,89,75,83,-1.3,-3.6
54,45,Bradley Beal,SG,29,WAS,50,1673,.506,.552,.365,.551,.842,.593,.260,.249,106,101,101,101,108,102,97,64,10.5,22.7
55,46,Malik Beasley,SG,26,TOT,81,2093,.395,.484,.357,.520,.769,.531,.069,.702,83,88,99,95,98,91,26,181,-46.8,-97.5
56,47,Malik Beasley,SG,26,UTA,55,1472,.396,.485,.359,.522,.841,.535,.066,.704,83,88,99,96,108,92,25,182,-30.5,-64.2
57,48,Malik Beasley,SG,26,LAL,26,621,.392,.481,.353,.515,.619,.521,.078,.698,82,88,98,94,79,90,29,180,-16.3,-33.3
58,49,MarJon Beauchamp,SF,22,MIL,52,701,.395,.485,.331,.492,.730,.513,.152,.584,83,89,92,90,93,88,57,151,-26.0,-35.4
59,50,Dāvis Bertāns,PF,30,DAL,45,492,.431,.737,.390,.603,.867,.618,.094,.881,91,134,108,111,111,106,35,227,18.5,12.3
60,51,Patrick Beverley,SG-PG,34,TOT,67,1816,.400,.529,.335,.511,.723,.534,.181,.664,84,97,93,94,92,92,68,171,-24.6,-36.8
61,52,Patrick Beverley,SG,34,LAL,45,1211,.402,.506,.348,.517,.780,.548,.207,.656,85,92,97,95,100,94,78,169,-13.8,-17.7
62,53,Patrick Beverley,PG,34,CHI,22,605,.395,.579,.309,.500,.533,.506,.126,.681,83,106,86,92,68,87,47,176,-10.8,-19.0
63,54,Saddiq Bey,SF,23,TOT,77,2129,.422,.483,.361,.513,.861,.564,.285,.500,89,88,100,94,110,97,107,129,-54.7,-31.6
64,55,Saddiq Bey,SF,23,DET,52,1500,.404,.460,.345,.488,.861,.552,.345,.483,85,84,96,89,110,95,129,125,-69.8,-40.4
65,56,Saddiq Bey,SF,23,ATL,25,629,.470,.552,.400,.578,.862,.599,.126,.543,99,101,111,106,110,103,47,140,15.2,8.8
66,57,Khem Birch,C,30,TOR,20,162,.594,.600,.500,.609,.800,.629,.156,.062,125,110,139,112,102,108,59,16,4.1,3.2
67,58,Goga Bitadze,C,23,TOT,38,457,.552,.636,.231,.576,.548,.582,.336,.208,116,116,64,106,70,100,126,54,7.7,.2
68,59,Goga Bitadze,C,23,IND,21,202,.519,.605,.286,.558,.458,.551,.462,.269,109,110,79,102,59,95,173,69,1.3,-3.7
69,60,Goga Bitadze,C,23,ORL,17,255,.575,.656,.167,.589,.667,.606,.247,.164,121,120,46,108,85,104,93,42,6.4,3.9
70,,,,,,,,,,,,,,,,,,,,,,,,,
71,,League Average,,,,,,.475,.548,.361,.545,.782,.581,.266,.387,,,,,,,,,,
72,,,,,,,,,,,,,,,,,,,,,,,,,
73,,,,,,,,Player Shooting %,Player Shooting %,Player Shooting %,Player Shooting %,Player Shooting %,Player Shooting %,Player Shooting %,Player Shooting %,League-Adjusted,League-Adjusted,League-Adjusted,League-Adjusted,League-Adjusted,League-Adjusted,League-Adjusted,League-Adjusted,,
74,Rk,Player,Pos,Age,Team,G,MP,FG,2P,3P,eFG,FT,TS,FTr,3PAr,FG+,2P+,3P+,eFG+,FT+,TS+,FTr+,3PAr+,FG Add,TS Add
75,61,Bismack Biyombo,C,30,PHO,61,874,.578,.578,,.578,.357,.555,.340,.000,122,105,,106,46,96,128,,13.4,-12.3
76,62,Buddy Boeheim,SF,23,DET,10,90,.185,.500,.160,.259,1.000,.287,.074,.926,39,91,44,48,128,49,28,239,-15.4,-16.4
77,63,Bogdan Bogdanović,SG,30,ATL,54,1508,.447,.506,.406,.566,.831,.586,.126,.589,94,92,112,104,106,101,47,152,25.7,6.3
78,64,Bojan Bogdanović,PF,33,DET,59,1893,.488,.539,.411,.570,.884,.627,.344,.400,103,98,114,104,113,108,129,103,43.2,92.7
79,65,Bol Bol,PF,23,ORL,70,1505,.546,.633,.265,.577,.759,.603,.226,.236,115,116,74,106,97,104,85,61,30.7,23.1
80,66,Leandro Bolmaro,SF,22,UTA,14,68,.150,.188,.000,.150,,.150,.000,.200,32,34,,28,,26,,52,-15.8,-17.3
81,67,Devin Booker,SG,26,PHO,53,1835,.494,.554,.351,.546,.855,.601,.336,.296,104,101,97,100,109,103,126,76,1.4,47.5
82,68,Brandon Boston Jr.,SF,21,LAC,22,248,.418,.419,.414,.467,.763,.515,.311,.238,88,77,115,86,98,89,117,61,-19.0,-18.3
83,69,Chris Boucher,PF,30,TOR,76,1523,.493,.585,.328,.552,.762,.590,.318,.357,104,107,91,101,97,102,119,92,7.1,11.1
84,70,James Bouknight,SG,22,CHO,34,515,.358,.429,.303,.443,.667,.463,.155,.565,75,78,84,81,85,80,58,146,-39.5,-48.7
85,71,Jamaree Bouyea,PG,23,TOT,5,71,.429,.500,.333,.500,.500,.504,.143,.429,90,91,92,92,64,87,54,111,-1.3,-2.3
86,72,Jamaree Bouyea,PG,23,MIA,4,65,.462,.500,.400,.538,.500,.540,.154,.385,97,91,111,99,64,93,58,99,-0.2,-1.1
87,73,Jamaree Bouyea,PG,23,WAS,1,6,.000,,.000,.000,,.000,.000,1.000,,,,,,,,258,-1.1,-1.2
88,74,Tony Bradley,C,25,CHI,12,33,.500,.429,.600,.625,1.000,.690,.333,.417,105,78,166,115,128,119,125,108,1.9,3.0
89,75,Malaki Branham,SG,19,SAS,66,1550,.440,.539,.302,.503,.829,.524,.115,.417,93,98,84,92,106,90,43,108,-51.3,-73.1
90,76,Jarrell Brantley,PF,26,UTA,4,39,.571,.800,.444,.714,1.000,.739,.143,.643,120,146,123,131,128,127,54,166,4.7,4.7
91,77,Christian Braun,SG,21,DEN,76,1181,.495,.565,.354,.554,.625,.568,.221,.332,104,103,98,102,80,98,83,86,4.8,-8.7
92,78,Mikal Bridges,SF-SG,26,TOT,83,2963,.468,.514,.382,.535,.895,.587,.279,.349,98,94,106,98,115,101,105,90,-26.7,17.5
93,79,Mikal Bridges,SF,26,PHO,56,2040,.463,.503,.387,.529,.897,.574,.228,.342,97,92,107,97,115,99,85,88,-24.1,-12.2
94,80,Mikal Bridges,SG,26,BRK,27,923,.475,.531,.376,.543,.894,.607,.356,.360,100,97,104,100,114,104,134,93,-2.5,29.7
95,,,,,,,,,,,,,,,,,,,,,,,,,
96,,League Average,,,,,,.475,.548,.361,.545,.782,.581,.266,.387,,,,,,,,,,
97,,,,,,,,,,,,,,,,,,,,,,,,,
98,,,,,,,,Player Shooting %,Player Shooting %,Player Shooting %,Player Shooting %,Player Shooting %,Player Shooting %,Player Shooting %,Player Shooting %,League-Adjusted,League-Adjusted,League-Adjusted,League-Adjusted,League-Adjusted,League-Adjusted,League-Adjusted,League-Adjusted,,
99,Rk,Player,Pos,Age,Team,G,MP,FG,2P,3P,eFG,FT,TS,FTr,3PAr,FG+,2P+,3P+,eFG+,FT+,TS+,FTr+,3PAr+,FG Add,TS Add
100,81,Oshae Brissett,PF,24,IND,65,1083,.386,.457,.310,.461,.717,.520,.455,.486,81,83,86,85,92,89,171,125,-53.9,-47.0
101,82,Malcolm Brogdon,PG,30,BOS,67,1744,.484,.510,.444,.574,.870,.615,.251,.406,102,93,123,105,111,106,94,105,41.7,54.9
102,83,Dillon Brooks,SF,27,MEM,73,2214,.396,.451,.326,.468,.779,.494,.155,.443,83,82,90,86,100,85,58,114,-153.7,-183.8
103,84,Bruce Brown,SF,26,DEN,80,2280,.483,.548,.358,.545,.758,.571,.206,.343,102,100,99,100,97,98,77,88,-1.1,-16.7
104,85,Greg Brown III,PF,21,POR,16,93,.393,.476,.143,.411,.417,.421,.429,.250,83,87,40,75,53,72,161,65,-7.5,-10.7
105,86,Jaylen Brown,SF,26,BOS,67,2405,.491,.576,.335,.550,.765,.581,.249,.352,103,105,93,101,98,100,93,91,12.8,.3
106,87,Kendall Brown,SG,19,IND,6,40,.571,.667,.000,.571,.500,.571,.286,.143,120,122,,105,64,98,107,37,.4,-0.2
107,88,Moses Brown,C,23,TOT,36,294,.635,.635,,.635,.458,.607,.750,.000,134,116,,117,59,104,281,,17.3,6.6
108,89,Moses Brown,C,23,LAC,34,288,.635,.635,,.635,.458,.607,.750,.000,134,116,,117,59,104,281,,17.3,6.6
109,90,Moses Brown,C,23,BRK,2,6,,,,,,,,,,,,,,,,,.0,.0
110,91,Sterling Brown,SF,27,LAL,4,24,.000,.000,.000,.000,,.000,.000,.500,,,,,,,,129,-4.4,-4.7
111,92,Troy Brown Jr.,SF,23,LAL,76,1860,.430,.505,.381,.545,.872,.561,.084,.604,90,92,106,100,112,97,31,156,-0.1,-19.5
112,93,Jalen Brunson,PG,26,NYK,68,2379,.491,.519,.416,.547,.829,.597,.328,.269,103,95,115,100,106,103,123,70,4.8,43.3
113,94,Thomas Bryant,C,25,TOT,59,1081,.623,.658,.441,.659,.738,.682,.341,.160,131,120,122,121,94,117,128,41,83.6,85.6
114,95,Thomas Bryant,C,25,LAL,41,876,.654,.697,.440,.691,.741,.712,.359,.166,138,127,122,127,95,122,135,43,87.8,90.8
115,96,Thomas Bryant,C,25,DEN,18,205,.485,.492,.444,.515,.722,.547,.265,.132,102,90,123,94,92,94,99,34,-4.2,-5.3
116,97,Reggie Bullock,SF,31,DAL,78,2364,.409,.562,.380,.569,.703,.577,.079,.845,86,103,105,104,90,99,30,218,22.5,-4.3
117,98,Alec Burks,SG,31,DET,51,1122,.436,.459,.414,.544,.814,.602,.410,.521,92,84,115,100,104,104,154,134,-1.5,22.2
118,99,Deonte Burton,PF,29,SAC,2,6,.000,.000,.000,.000,,.000,.000,.500,,,,,,,,129,-2.2,-2.3
119,100,Jared Butler,PG,22,OKC,6,77,.469,.444,.500,.578,,.578,.000,.438,99,81,139,106,,99,,113,2.1,-0.2
120,,,,,,,,,,,,,,,,,,,,,,,,,
121,,League Average,,,,,,.475,.548,.361,.545,.782,.581,.266,.387,,,,,,,,,,
122,,,,,,,,,,,,,,,,,,,,,,,,,
123,,,,,,,,Player Shooting %,Player Shooting %,Player Shooting %,Player Shooting %,Player Shooting %,Player Shooting %,Player Shooting %,Player Shooting %,League-Adjusted,League-Adjusted,League-Adjusted,League-Adjusted,League-Adjusted,League-Adjusted,League-Adjusted,League-Adjusted,,
124,Rk,Player,Pos,Age,Team,G,MP,FG,2P,3P,eFG,FT,TS,FTr,3PAr,FG+,2P+,3P+,eFG+,FT+,TS+,FTr+,3PAr+,FG Add,TS Add
125,101,Jimmy Butler,PF,33,MIA,64,2138,.539,.564,.350,.560,.850,.647,.625,.116,113,103,97,103,109,111,235,30,25.6,149.8
126,102,John Butler,C,20,POR,19,221,.321,.500,.229,.396,.750,.411,.075,.660,67,91,63,73,96,71,28,170,-15.8,-18.7
127,103,Jamal Cain,PF,23,MIA,18,240,.561,.652,.350,.614,.773,.647,.333,.303,118,119,97,113,99,111,125,78,9.0,10.0
128,104,Kentavious Caldwell-Pope,SG,29,DEN,76,2381,.462,.502,.423,.569,.824,.598,.198,.505,97,92,117,104,105,103,74,130,29.8,23.4
129,105,Facundo Campazzo,PG,31,DAL,8,52,.231,.000,.273,.346,.500,.360,.154,.846,49,,76,63,64,62,58,218,-5.2,-6.1
130,106,Vlatko Čančar,PF,25,DEN,60,889,.476,.580,.374,.570,.927,.606,.181,.507,100,106,104,105,119,104,68,131,11.5,12.1
131,107,Clint Capela,C,28,ATL,65,1730,.653,.654,.000,.653,.603,.656,.244,.002,137,119,,120,77,113,92,,115.5,88.9
132,108,Vernon Carey Jr.,C,21,WAS,11,28,.250,.250,,.250,1.000,.338,.250,.000,53,46,,46,128,58,94,,-4.7,-4.3
133,109,Jevon Carter,PG,27,MIL,81,1810,.423,.425,.421,.549,.816,.560,.067,.596,89,78,117,101,104,96,25,154,3.9,-25.3
134,110,Michael Carter-Williams,PG,31,ORL,4,44,.429,.455,.333,.464,.571,.498,.500,.214,90,83,92,85,73,86,188,55,-2.3,-2.9
135,111,Wendell Carter Jr.,C,23,ORL,57,1690,.525,.624,.356,.591,.738,.621,.318,.367,110,114,99,108,94,107,119,95,55.5,55.6
136,112,Alex Caruso,PG,28,CHI,67,1575,.455,.556,.364,.551,.808,.588,.255,.528,96,101,101,101,103,101,96,136,3.1,4.2
137,113,Justin Champagnie,SF,21,TOT,5,34,.333,.400,.200,.367,,.367,.000,.333,70,73,55,67,,63,,86,-5.4,-6.4
138,114,Justin Champagnie,SF,21,TOR,3,11,1.000,1.000,,1.000,,1.000,.000,.000,210,183,,183,,172,,,2.7,2.5
139,115,Justin Champagnie,SF,21,BOS,2,23,.167,.143,.200,.208,,.208,.000,.417,35,26,55,38,,36,,108,-8.1,-9.0
140,116,Julian Champagnie,SF,21,TOT,17,320,.454,.542,.402,.581,.824,.600,.131,.631,95,99,112,107,105,103,49,163,9.2,5.2
141,117,Julian Champagnie,SF,21,PHI,2,7,.000,.000,.000,.000,,.000,.000,.500,,,,,,,,129,-2.2,-2.3
142,118,Julian Champagnie,SF,21,SAS,15,313,.461,.553,.407,.590,.824,.609,.133,.633,97,101,113,108,105,105,50,163,11.4,7.5
143,119,Kennedy Chandler,PG,20,MEM,36,281,.422,.485,.133,.434,.462,.440,.157,.181,89,89,37,80,59,76,59,47,-18.5,-25.1
144,120,Josh Christopher,SG,21,HOU,64,786,.465,.550,.236,.497,.750,.523,.182,.271,98,100,65,91,96,90,68,70,-31.8,-41.2
145,,,,,,,,,,,,,,,,,,,,,,,,,
146,,League Average,,,,,,.475,.548,.361,.545,.782,.581,.266,.387,,,,,,,,,,
147,,,,,,,,,,,,,,,,,,,,,,,,,
148,,,,,,,,Player Shooting %,Player Shooting %,Player Shooting %,Player Shooting %,Player Shooting %,Player Shooting %,Player Shooting %,Player Shooting %,League-Adjusted,League-Adjusted,League-Adjusted,League-Adjusted,League-Adjusted,League-Adjusted,League-Adjusted,League-Adjusted,,
149,Rk,Player,Pos,Age,Team,G,MP,FG,2P,3P,eFG,FT,TS,FTr,3PAr,FG+,2P+,3P+,eFG+,FT+,TS+,FTr+,3PAr+,FG Add,TS Add
150,121,Max Christie,SG,19,LAL,41,512,.415,.409,.419,.538,.875,.566,.151,.585,87,75,116,99,112,97,57,151,-1.6,-3.4
151,122,Brandon Clarke,PF,26,MEM,56,1090,.656,.665,.167,.658,.723,.682,.393,.017,138,121,46,121,92,117,147,4,78.4,82.2
152,123,Jordan Clarkson,SG,30,UTA,61,1988,.444,.530,.338,.519,.816,.558,.238,.445,93,97,94,95,104,96,89,115,-53.3,-52.9
153,124,Nic Claxton,C,23,BRK,76,2271,.705,.708,.000,.705,.541,.691,.419,.003,148,129,,129,69,119,157,1,187.9,152.8
154,125,Amir Coffey,SF,25,LAC,50,625,.386,.429,.275,.424,.778,.498,.434,.276,81,78,76,78,99,86,163,71,-35.1,-28.8
155,126,John Collins,PF,25,ATL,71,2130,.508,.619,.292,.557,.803,.593,.252,.339,107,113,81,102,103,102,94,88,17.0,18.1
156,127,Zach Collins,C,25,SAS,63,1441,.518,.571,.374,.568,.761,.599,.259,.268,109,104,104,104,97,103,97,69,25.4,21.3
157,128,Chance Comanche,C,26,POR,1,21,.600,.600,,.600,.250,.518,.800,.000,126,110,,110,32,89,300,,.5,-0.9
158,129,Mike Conley,PG,35,TOT,67,2029,.428,.486,.385,.539,.834,.583,.277,.575,90,89,107,99,107,100,104,149,-8.2,2.4
159,130,Mike Conley,PG,35,UTA,43,1276,.408,.469,.362,.511,.812,.552,.256,.568,86,86,100,94,104,95,96,147,-25.9,-24.0
160,131,Mike Conley,PG,35,MIN,24,753,.460,.515,.420,.583,.863,.631,.311,.587,97,94,117,107,110,109,117,152,17.7,26.5
161,132,Pat Connaughton,SF,30,MIL,61,1443,.392,.566,.339,.521,.659,.531,.097,.765,82,103,94,96,84,91,37,197,-20.1,-44.4
162,133,Xavier Cooks,PF,27,WAS,10,126,.607,.630,.000,.607,.400,.586,.357,.036,128,115,,111,51,101,134,9,3.5,.3
163,134,Robert Covington,PF,32,LAC,48,779,.445,.516,.397,.563,.750,.584,.175,.594,94,94,110,103,96,100,66,153,8.3,1.3
164,135,Torrey Craig,PF,32,PHO,79,1948,.456,.518,.395,.556,.711,.566,.090,.506,96,95,110,102,91,97,34,131,10.7,-16.3
165,136,Jae Crowder,PF,32,MIL,18,340,.479,.538,.436,.606,.833,.624,.128,.585,101,98,121,111,107,107,48,151,11.5,8.6
166,137,Jarrett Culver,SF,23,ATL,10,137,.395,.516,.083,.407,.692,.452,.302,.279,83,94,23,75,89,78,113,72,-11.9,-12.6
167,138,Cade Cunningham,PG,21,DET,12,400,.415,.466,.279,.453,.837,.492,.192,.272,87,85,77,83,107,85,72,70,-41.3,-43.4
168,139,Seth Curry,SG,32,BRK,61,1211,.463,.525,.405,.568,.927,.593,.122,.517,97,96,112,104,119,102,46,133,20.4,10.9
169,140,Stephen Curry,PG,34,GSW,56,1941,.493,.579,.427,.614,.915,.656,.248,.564,104,106,118,113,117,113,93,146,155.5,187.1
170,,,,,,,,,,,,,,,,,,,,,,,,,
171,,League Average,,,,,,.475,.548,.361,.545,.782,.581,.266,.387,,,,,,,,,,
172,,,,,,,,,,,,,,,,,,,,,,,,,
173,,,,,,,,Player Shooting %,Player Shooting %,Player Shooting %,Player Shooting %,Player Shooting %,Player Shooting %,Player Shooting %,Player Shooting %,League-Adjusted,League-Adjusted,League-Adjusted,League-Adjusted,League-Adjusted,League-Adjusted,League-Adjusted,League-Adjusted,,
174,Rk,Player,Pos,Age,Team,G,MP,FG,2P,3P,eFG,FT,TS,FTr,3PAr,FG+,2P+,3P+,eFG+,FT+,TS+,FTr+,3PAr+,FG Add,TS Add
175,141,Dyson Daniels,PG,19,NOP,59,1042,.418,.492,.314,.483,.650,.503,.192,.413,88,90,87,89,83,87,72,107,-25.8,-35.3
176,142,Anthony Davis,C,29,LAL,56,1904,.563,.589,.257,.573,.784,.627,.462,.077,119,107,71,105,100,108,173,20,53.9,105.6
177,143,JD Davison,SG,20,BOS,12,66,.421,.500,.286,.474,.500,.478,.105,.368,89,91,79,87,64,82,40,95,-2.7,-4.1
178,144,Johnny Davis,SG,20,WAS,28,423,.386,.485,.243,.436,.519,.446,.158,.409,81,89,67,80,66,77,59,106,-37.5,-49.6
179,145,Terence Davis,SG,25,SAC,64,841,.423,.537,.366,.545,.791,.563,.118,.668,89,98,102,100,101,97,44,172,.1,-14.2
180,146,Darius Days,SF,23,HOU,4,25,.417,1.000,.300,.542,1.000,.582,.167,.833,88,183,83,99,128,100,63,215,-0.1,.0
181,147,Dewayne Dedmon,C,33,TOT,38,426,.510,.580,.308,.550,.673,.577,.325,.258,107,106,85,101,86,99,122,67,1.3,-1.6
182,148,Dewayne Dedmon,C,33,MIA,30,350,.496,.576,.297,.539,.727,.576,.341,.287,104,105,82,99,93,99,128,74,-1.7,-1.5
183,149,Dewayne Dedmon,C,33,PHI,8,76,.591,.600,.500,.614,.200,.579,.227,.091,124,110,139,113,26,100,85,23,3.0,-0.1
184,150,Matthew Dellavedova,PG,32,SAC,32,213,.340,.348,.333,.430,.571,.443,.140,.540,72,63,92,79,73,76,53,139,-11.5,-14.7
185,151,DeMar DeRozan,SF,33,CHI,74,2682,.504,.526,.324,.522,.872,.592,.401,.109,106,96,90,96,112,102,151,28,-60.9,33.7
186,152,Moussa Diabaté,C,21,LAC,22,195,.511,.511,.500,.521,.625,.546,.340,.043,107,93,139,96,80,94,128,11,-2.3,-3.8
187,153,Mamadi Diakite,C,26,CLE,22,176,.480,.586,.333,.550,1.000,.560,.040,.420,101,107,92,101,128,96,15,108,.5,-2.1
188,154,Hamidou Diallo,SF,24,DET,56,996,.573,.593,.238,.580,.588,.593,.395,.056,121,108,66,106,75,102,148,14,26.1,10.4
189,155,Gorgui Dieng,C,33,SAS,31,358,.385,.571,.280,.474,.769,.493,.111,.641,81,104,78,87,98,85,42,165,-16.6,-21.7
190,156,Ousmane Dieng,PF,19,OKC,39,569,.420,.602,.265,.492,.652,.505,.127,.541,88,110,74,90,83,87,48,140,-19.4,-29.2
191,157,Spencer Dinwiddie,SG-PG,29,TOT,79,2725,.438,.498,.369,.524,.812,.573,.314,.467,92,91,102,96,104,99,118,120,-44.0,-20.4
192,158,Spencer Dinwiddie,SG,29,DAL,53,1808,.455,.504,.405,.555,.821,.599,.298,.491,96,92,112,102,105,103,112,127,13.2,27.3
193,159,Spencer Dinwiddie,PG,29,BRK,26,917,.404,.488,.289,.465,.797,.523,.346,.419,85,89,80,85,102,90,130,108,-57.2,-47.8
194,160,Donte DiVincenzo,SG,26,GSW,72,1894,.435,.525,.397,.574,.817,.593,.131,.700,92,96,110,105,104,102,49,181,31.1,13.9
195,,,,,,,,,,,,,,,,,,,,,,,,,
196,,League Average,,,,,,.475,.548,.361,.545,.782,.581,.266,.387,,,,,,,,,,
197,,,,,,,,,,,,,,,,,,,,,,,,,
198,,,,,,,,Player Shooting %,Player Shooting %,Player Shooting %,Player Shooting %,Player Shooting %,Player Shooting %,Player Shooting %,Player Shooting %,League-Adjusted,League-Adjusted,League-Adjusted,League-Adjusted,League-Adjusted,League-Adjusted,League-Adjusted,League-Adjusted,,
199,Rk,Player,Pos,Age,Team,G,MP,FG,2P,3P,eFG,FT,TS,FTr,3PAr,FG+,2P+,3P+,eFG+,FT+,TS+,FTr+,3PAr+,FG Add,TS Add
200,161,Luka Dončić,PG,23,DAL,66,2391,.496,.588,.342,.560,.742,.609,.479,.373,104,107,95,103,95,105,180,96,42.9,98.5
201,162,Tyler Dorsey,SF,26,DAL,3,8,.800,1.000,.500,.900,,.900,.000,.400,168,183,139,165,,155,,103,3.5,3.2
202,163,Luguentz Dort,SF,23,OKC,74,2272,.388,.440,.330,.466,.772,.513,.297,.468,82,80,92,85,99,88,111,121,-139.0,-134.4
203,164,Ayo Dosunmu,SG,23,CHI,80,2098,.493,.583,.312,.545,.805,.567,.144,.332,104,106,87,100,103,98,54,86,-0.6,-17.6
204,165,Devon Dotson,PG,23,WAS,6,53,.100,.000,.250,.150,,.150,.000,.400,21,,69,28,,26,,103,-7.9,-8.6
205,166,Jeff Dowtin,PG,25,TOR,25,259,.439,.488,.312,.482,.667,.500,.158,.281,92,89,87,88,85,86,59,72,-7.2,-9.9
206,167,PJ Dozier,SF,26,SAC,16,79,.303,.471,.125,.333,,.333,.000,.485,64,86,35,61,,57,,125,-14.0,-16.4
207,168,Goran Dragić,PG,36,TOT,58,870,.421,.468,.359,.499,.689,.514,.134,.433,89,85,99,91,88,88,50,112,-31.3,-47.5
208,169,Goran Dragić,PG,36,CHI,51,787,.425,.480,.352,.500,.659,.514,.137,.428,89,88,97,92,84,88,51,110,-27.1,-42.6
209,170,Goran Dragić,PG,36,MIL,7,83,.389,.368,.412,.486,1.000,.516,.111,.472,82,67,114,89,128,89,42,122,-4.3,-4.9
210,171,Andre Drummond,C,29,CHI,67,849,.606,.613,.000,.606,.536,.606,.456,.011,127,112,,111,69,104,171,3,33.2,16.5
211,172,Chris Duarte,SF,25,IND,46,897,.369,.428,.316,.452,.847,.496,.216,.523,78,78,88,83,108,85,81,135,-62.1,-61.9
212,173,David Duke Jr.,SG,23,BRK,23,228,.462,.530,.083,.468,.706,.497,.218,.154,97,97,23,86,90,86,82,40,-12.1,-14.4
213,174,Kris Dunn,PG,28,UTA,22,568,.537,.550,.472,.576,.774,.606,.245,.167,113,100,131,106,99,104,92,43,13.5,11.8
214,175,Kevin Durant,PF,34,TOT,47,1672,.560,.617,.404,.614,.919,.677,.387,.267,118,113,112,113,118,116,145,69,119.0,193.1
215,176,Kevin Durant,PF,34,BRK,39,1403,.559,.622,.376,.607,.934,.673,.390,.257,118,114,104,111,119,116,146,66,90.6,158.4
216,177,Kevin Durant,PF,34,PHO,8,269,.570,.586,.537,.656,.833,.697,.375,.320,120,107,149,120,107,120,141,83,28.4,34.6
217,178,Jalen Duren,C,19,DET,67,1670,.648,.652,.000,.648,.611,.655,.394,.005,136,119,,119,78,113,148,1,82.0,69.0
218,179,Tari Eason,PF,21,HOU,82,1767,.448,.486,.343,.493,.752,.525,.220,.261,94,89,95,90,96,90,82,67,-68.7,-81.4
219,180,Anthony Edwards,SG,21,MIN,79,2842,.459,.513,.369,.528,.756,.564,.274,.375,97,94,102,97,97,97,103,97,-53.5,-61.3
220,,,,,,,,,,,,,,,,,,,,,,,,,
221,,League Average,,,,,,.475,.548,.361,.545,.782,.581,.266,.387,,,,,,,,,,
222,,,,,,,,,,,,,,,,,,,,,,,,,
223,,,,,,,,Player Shooting %,Player Shooting %,Player Shooting %,Player Shooting %,Player Shooting %,Player Shooting %,Player Shooting %,Player Shooting %,League-Adjusted,League-Adjusted,League-Adjusted,League-Adjusted,League-Adjusted,League-Adjusted,League-Adjusted,League-Adjusted,,
224,Rk,Player,Pos,Age,Team,G,MP,FG,2P,3P,eFG,FT,TS,FTr,3PAr,FG+,2P+,3P+,eFG+,FT+,TS+,FTr+,3PAr+,FG Add,TS Add
225,181,Kessler Edwards,SF,22,TOT,36,385,.387,.500,.309,.478,.733,.502,.161,.591,81,91,86,88,94,86,61,153,-12.4,-15.8
226,182,Kessler Edwards,SF,22,BRK,14,79,.250,.333,.167,.292,.500,.301,.083,.500,53,61,46,53,64,52,31,129,-12.2,-13.9
227,183,Kessler Edwards,SF,22,SAC,22,306,.435,.577,.349,.543,.769,.569,.188,.623,91,105,97,100,98,98,71,161,-0.2,-1.9
228,184,Keon Ellis,SG,23,SAC,16,71,.438,.250,.500,.625,.571,.629,.438,.750,92,46,139,115,73,108,164,194,2.6,1.8
229,185,Joel Embiid,C,28,PHI,66,2284,.548,.587,.330,.573,.857,.655,.581,.151,115,107,91,105,110,113,218,39,73.8,244.8
230,186,Drew Eubanks,C,25,POR,78,1584,.641,.655,.389,.651,.664,.666,.374,.054,135,120,108,119,85,115,140,14,70.8,65.8
231,187,Bruno Fernando,C,24,TOT,39,405,.527,.546,.000,.527,.700,.571,.446,.036,111,100,,97,90,98,168,9,-4.1,-2.8
232,188,Bruno Fernando,C,24,HOU,31,364,.516,.522,.000,.516,.682,.561,.473,.011,109,95,,95,87,96,178,3,-5.4,-4.6
233,189,Bruno Fernando,C,24,ATL,8,41,.579,.688,.000,.579,.833,.624,.316,.158,122,125,,106,107,107,119,41,1.3,1.8
234,190,Dorian Finney-Smith,PF,29,TOT,66,2009,.391,.503,.337,.505,.763,.523,.118,.675,82,92,94,93,98,90,44,174,-40.3,-61.6
235,191,Dorian Finney-Smith,PF,29,DAL,40,1288,.416,.559,.355,.540,.750,.557,.129,.700,88,102,98,99,96,96,48,181,-3.1,-15.8
236,192,Dorian Finney-Smith,PF,29,BRK,26,721,.351,.429,.306,.448,.789,.466,.099,.634,74,78,85,82,101,80,37,164,-37.3,-45.8
237,193,Malachi Flynn,PG,24,TOR,53,691,.360,.367,.353,.457,.758,.479,.136,.550,76,67,98,84,97,82,51,142,-42.9,-52.2
238,194,Simone Fontecchio,SF,27,UTA,52,766,.369,.430,.330,.470,.795,.495,.141,.612,78,78,91,86,102,85,53,158,-47.2,-57.2
239,195,Bryn Forbes,SG,29,MIN,25,268,.361,.432,.304,.446,1.000,.497,.181,.554,76,79,84,82,128,85,68,143,-16.5,-15.2
240,196,Trent Forrest,SG,24,ATL,23,277,.417,.431,.000,.417,.667,.424,.050,.033,88,79,,76,85,73,19,9,-15.4,-19.3
241,197,Michael Foster Jr.,PF,20,PHI,1,1,,,,,,,,,,,,,,,,,.0,.0
242,198,Evan Fournier,SG,30,NYK,27,459,.337,.404,.307,.443,.857,.471,.127,.687,71,74,85,81,110,81,47,177,-34.0,-38.7
243,199,De'Aaron Fox,PG,25,SAC,73,2435,.512,.584,.324,.557,.780,.599,.331,.276,108,107,90,102,100,103,124,71,31.5,53.6
244,200,Markelle Fultz,PG,24,ORL,60,1778,.514,.544,.310,.534,.783,.564,.211,.128,108,99,86,98,100,97,79,33,-15.5,-25.5
245,,,,,,,,,,,,,,,,,,,,,,,,,
246,,League Average,,,,,,.475,.548,.361,.545,.782,.581,.266,.387,,,,,,,,,,
247,,,,,,,,,,,,,,,,,,,,,,,,,
248,,,,,,,,Player Shooting %,Player Shooting %,Player Shooting %,Player Shooting %,Player Shooting %,Player Shooting %,Player Shooting %,Player Shooting %,League-Adjusted,League-Adjusted,League-Adjusted,League-Adjusted,League-Adjusted,League-Adjusted,League-Adjusted,League-Adjusted,,
249,Rk,Player,Pos,Age,Team,G,MP,FG,2P,3P,eFG,FT,TS,FTr,3PAr,FG+,2P+,3P+,eFG+,FT+,TS+,FTr+,3PAr+,FG Add,TS Add
250,201,Wenyen Gabriel,C,25,LAL,68,1024,.596,.647,.278,.615,.619,.626,.323,.138,125,118,77,113,79,108,121,36,36.5,26.8
251,202,Daniel Gafford,C,24,WAS,78,1604,.732,.732,,.732,.679,.739,.473,.000,154,134,,134,87,127,178,,147.2,150.2
252,203,Darius Garland,PG,23,CLE,69,2447,.462,.492,.410,.537,.863,.587,.284,.365,97,90,114,99,110,101,107,94,-18.2,13.3
253,204,Usman Garuba,C,20,HOU,75,970,.486,.525,.407,.554,.617,.569,.266,.333,102,96,113,102,79,98,100,86,3.0,-4.8
254,205,Luka Garza,C,24,MIN,28,243,.543,.636,.359,.603,.788,.652,.448,.336,114,116,100,111,101,112,168,87,13.5,19.5
255,206,Rudy Gay,PF,36,UTA,56,816,.380,.484,.254,.437,.857,.475,.171,.453,80,88,70,80,110,82,64,117,-62.0,-65.7
256,207,Paul George,SF,32,LAC,56,1939,.457,.521,.371,.536,.871,.588,.293,.424,96,95,103,98,111,101,110,110,-18.9,14.5
257,208,Taj Gibson,C,37,WAS,49,480,.520,.564,.333,.552,.714,.585,.336,.192,109,103,92,101,91,101,126,50,1.7,1.2
258,209,Josh Giddey,PF,20,OKC,76,2367,.482,.524,.325,.516,.731,.533,.130,.209,101,96,90,95,94,92,49,54,-65.2,-113.9
259,210,Shai Gilgeous-Alexander,PG,24,OKC,68,2416,.510,.533,.345,.531,.905,.626,.535,.122,107,97,96,97,116,108,201,31,-40.0,151.6
260,211,Anthony Gill,PF,30,WAS,59,624,.538,.650,.138,.553,.731,.604,.508,.220,113,119,38,101,94,104,190,57,2.1,7.3
261,212,Jacob Gilyard,PG,24,MEM,1,41,.333,,.333,.500,,.500,.000,1.000,70,,92,92,,86,,258,-0.3,-0.5
262,213,Rudy Gobert,C,30,MIN,70,2148,.659,.663,.000,.659,.644,.675,.623,.005,139,121,,121,82,116,234,1,124.6,130.4
263,214,Jordan Goodwin,PG,24,WAS,62,1106,.448,.511,.322,.501,.768,.531,.195,.334,94,93,89,92,98,91,73,86,-30.9,-38.7
264,215,Aaron Gordon,PF,27,DEN,68,2055,.564,.628,.347,.603,.608,.617,.413,.227,119,115,96,111,78,106,155,59,88.1,63.7
265,216,Eric Gordon,SG,34,TOT,69,1965,.446,.535,.371,.547,.821,.587,.265,.545,94,98,103,100,105,101,99,141,1.9,8.4
266,217,Eric Gordon,SG,34,HOU,47,1418,.439,.536,.347,.528,.815,.572,.282,.513,92,98,96,97,104,98,106,132,-16.3,-9.7
267,218,Eric Gordon,SG,34,LAC,22,547,.463,.531,.423,.597,.842,.629,.217,.634,97,97,117,110,108,108,81,164,18.2,18.1
268,219,Devonte' Graham,PG,27,TOT,73,1338,.374,.452,.352,.512,.748,.552,.304,.784,79,82,98,94,96,95,114,202,-29.0,-29.1
269,220,Devonte' Graham,PG,27,NOP,53,811,.368,.463,.347,.511,.746,.545,.255,.823,77,85,96,94,95,94,96,212,-15.9,-18.7
270,,,,,,,,,,,,,,,,,,,,,,,,,
271,,League Average,,,,,,.475,.548,.361,.545,.782,.581,.266,.387,,,,,,,,,,
272,,,,,,,,,,,,,,,,,,,,,,,,,
273,,,,,,,,Player Shooting %,Player Shooting %,Player Shooting %,Player Shooting %,Player Shooting %,Player Shooting %,Player Shooting %,Player Shooting %,League-Adjusted,League-Adjusted,League-Adjusted,League-Adjusted,League-Adjusted,League-Adjusted,League-Adjusted,League-Adjusted,,
274,Rk,Player,Pos,Age,Team,G,MP,FG,2P,3P,eFG,FT,TS,FTr,3PAr,FG+,2P+,3P+,eFG+,FT+,TS+,FTr+,3PAr+,FG Add,TS Add
275,221,Devonte' Graham,PG,27,SAS,20,527,.380,.442,.358,.512,.750,.559,.360,.740,80,81,99,94,96,96,135,191,-13.1,-10.3
276,222,Jerami Grant,PF,28,POR,63,2246,.475,.523,.401,.554,.813,.606,.375,.393,100,96,111,102,104,104,141,101,16.4,53.7
277,223,RaiQuan Gray,PF,23,BRK,1,35,.500,.571,.400,.583,1.000,.621,.167,.417,105,104,111,107,128,107,63,108,.9,1.0
278,224,A.J. Green,SG,23,MIL,35,345,.424,.450,.419,.600,1.000,.607,.032,.840,89,82,116,110,128,105,12,217,13.7,6.6
279,225,Danny Green,SG,35,TOT,11,138,.449,.500,.432,.612,1.000,.617,.020,.755,94,91,120,112,128,106,8,195,6.6,3.5
280,226,Danny Green,SG,35,MEM,3,43,.273,.000,.375,.409,,.409,.000,.727,57,,104,75,,70,,188,-3.0,-3.8
281,227,Danny Green,SG,35,CLE,8,95,.500,.667,.448,.671,1.000,.676,.026,.763,105,122,124,123,128,116,10,197,9.6,7.3
282,228,Draymond Green,PF,32,GSW,73,2297,.527,.612,.305,.570,.713,.592,.228,.276,111,112,85,104,91,102,86,71,23.1,10.7
283,229,JaMychal Green,PF,32,GSW,57,797,.540,.667,.378,.623,.776,.650,.266,.440,114,122,105,114,99,112,100,114,39.2,38.8
284,230,Javonte Green,SF,29,CHI,32,480,.565,.658,.371,.625,.667,.646,.417,.324,119,120,103,115,85,111,156,84,17.2,16.4
285,231,Jalen Green,SG,20,HOU,76,2602,.416,.471,.338,.485,.786,.538,.341,.408,88,86,94,89,101,93,128,105,-163.0,-133.7
286,232,Jeff Green,PF,36,DEN,56,1091,.488,.580,.288,.534,.744,.576,.357,.317,103,106,80,98,95,99,134,82,-7.7,-4.2
287,233,Josh Green,SG,22,DAL,60,1539,.537,.643,.402,.626,.723,.645,.246,.442,113,117,112,115,93,111,92,114,61.4,53.8
288,234,AJ Griffin,SF,19,ATL,72,1401,.465,.536,.390,.560,.894,.577,.088,.486,98,98,108,103,114,99,33,125,15.8,-4.7
289,235,Blake Griffin,C,33,BOS,41,569,.485,.625,.348,.573,.656,.590,.246,.508,102,114,97,105,84,101,92,131,7.2,2.5
290,236,Quentin Grimes,SG,22,NYK,71,2121,.468,.641,.386,.599,.796,.619,.163,.676,99,117,107,110,102,107,61,174,64.5,49.0
291,237,Rui Hachimura,PF,24,TOT,63,1466,.486,.550,.319,.530,.739,.556,.204,.274,102,100,88,97,95,96,76,71,-17.9,-32.8
292,238,Rui Hachimura,PF,24,WAS,30,728,.488,.545,.337,.534,.759,.558,.179,.275,103,99,93,98,97,96,67,71,-7.3,-16.3
293,239,Rui Hachimura,PF,24,LAL,33,738,.485,.556,.296,.525,.721,.553,.235,.273,102,101,82,96,92,95,88,70,-10.5,-16.5
294,240,Tyrese Haliburton,PG,22,IND,56,1883,.490,.572,.400,.586,.871,.624,.239,.478,103,104,111,107,111,107,90,123,67.9,79.5
295,,,,,,,,,,,,,,,,,,,,,,,,,
296,,League Average,,,,,,.475,.548,.361,.545,.782,.581,.266,.387,,,,,,,,,,
297,,,,,,,,,,,,,,,,,,,,,,,,,
298,,,,,,,,Player Shooting %,Player Shooting %,Player Shooting %,Player Shooting %,Player Shooting %,Player Shooting %,Player Shooting %,Player Shooting %,League-Adjusted,League-Adjusted,League-Adjusted,League-Adjusted,League-Adjusted,League-Adjusted,League-Adjusted,League-Adjusted,,
299,Rk,Player,Pos,Age,Team,G,MP,FG,2P,3P,eFG,FT,TS,FTr,3PAr,FG+,2P+,3P+,eFG+,FT+,TS+,FTr+,3PAr+,FG Add,TS Add
300,241,Jordan Hall,SF,21,SAS,9,83,.321,.462,.200,.375,.778,.438,.321,.536,68,84,55,69,99,75,121,138,-9.5,-9.2
301,242,R.J. Hampton,SG,21,TOT,47,750,.430,.504,.353,.517,.750,.558,.321,.489,91,92,98,95,96,96,120,126,-13.5,-12.4
302,243,R.J. Hampton,SG,21,ORL,26,361,.439,.525,.340,.518,.838,.572,.325,.465,92,96,94,95,107,98,122,120,-6.3,-2.5
303,244,R.J. Hampton,SG,21,DET,21,389,.423,.483,.365,.516,.667,.546,.317,.512,89,88,101,95,85,94,119,132,-7.1,-9.9
304,245,Tim Hardaway Jr.,SF,30,DAL,71,2152,.401,.431,.385,.527,.770,.554,.195,.649,84,79,107,97,98,95,73,168,-31.7,-50.0
305,246,James Harden,PG,33,PHI,58,2135,.441,.495,.385,.536,.867,.607,.429,.496,93,90,107,98,111,105,161,128,-15.2,52.5
306,247,Jaden Hardy,SG,20,DAL,48,708,.438,.469,.404,.533,.823,.571,.237,.468,92,86,112,98,105,98,89,121,-8.1,-7.5
307,248,Ron Harper Jr.,PF,22,TOR,9,48,.500,.714,.333,.594,1.000,.608,.062,.562,105,130,92,109,128,105,23,145,1.6,.9
308,249,Montrezl Harrell,C,29,PHI,57,681,.598,.616,.000,.598,.693,.631,.483,.029,126,112,,110,89,109,181,7,22.1,25.4
309,250,Gary Harris,SG,28,ORL,48,1184,.450,.494,.431,.603,.900,.620,.098,.710,95,90,120,111,115,107,37,183,35.2,24.8
310,251,Joe Harris,SF,31,BRK,74,1527,.457,.551,.426,.618,.643,.621,.064,.757,96,101,118,113,82,107,24,195,64.2,36.2
311,252,Kevon Harris,SG,25,ORL,34,457,.439,.484,.372,.514,.756,.564,.383,.402,92,88,103,94,97,97,144,104,-6.7,-4.4
312,253,Shaquille Harrison,SG,29,POR,5,120,.417,.462,.300,.458,.733,.516,.417,.278,88,84,83,84,94,89,156,72,-6.3,-5.5
313,254,Tobias Harris,SF,30,PHI,74,2436,.501,.570,.389,.575,.876,.602,.153,.383,105,104,108,105,112,103,57,99,50.5,36.7
314,255,Isaiah Hartenstein,C,24,NYK,82,1626,.535,.576,.216,.547,.676,.567,.217,.113,113,105,60,100,86,97,81,29,1.4,-10.5
315,256,Josh Hart,SF,27,TOT,76,2454,.529,.601,.372,.588,.750,.622,.338,.315,111,110,103,108,96,107,127,81,43.9,48.5
316,257,Josh Hart,SF,27,POR,51,1704,.504,.594,.304,.551,.731,.586,.328,.309,106,108,84,101,94,101,123,80,4.1,4.1
317,258,Josh Hart,SF,27,NYK,25,750,.586,.619,.519,.672,.789,.703,.363,.331,123,113,144,123,101,121,136,85,39.8,44.3
318,259,Udonis Haslem,C,42,MIA,7,71,.345,.350,.333,.397,.800,.433,.172,.310,73,64,92,73,102,74,65,80,-8.6,-9.3
319,260,Sam Hauser,SF,25,BOS,80,1290,.455,.656,.418,.631,.706,.634,.043,.846,96,120,116,116,90,109,16,218,68.2,42.9
320,,,,,,,,,,,,,,,,,,,,,,,,,
321,,League Average,,,,,,.475,.548,.361,.545,.782,.581,.266,.387,,,,,,,,,,
322,,,,,,,,,,,,,,,,,,,,,,,,,
323,,,,,,,,Player Shooting %,Player Shooting %,Player Shooting %,Player Shooting %,Player Shooting %,Player Shooting %,Player Shooting %,Player Shooting %,League-Adjusted,League-Adjusted,League-Adjusted,League-Adjusted,League-Adjusted,League-Adjusted,League-Adjusted,League-Adjusted,,
324,Rk,Player,Pos,Age,Team,G,MP,FG,2P,3P,eFG,FT,TS,FTr,3PAr,FG+,2P+,3P+,eFG+,FT+,TS+,FTr+,3PAr+,FG Add,TS Add
325,261,Jaxson Hayes,C,22,NOP,47,610,.551,.654,.103,.561,.699,.605,.532,.186,116,119,29,103,89,104,200,48,4.9,9.2
326,262,Killian Hayes,PG,21,DET,76,2154,.377,.429,.280,.426,.821,.455,.137,.351,79,78,78,78,105,78,52,91,-194.8,-218.7
327,263,Gordon Hayward,SF,32,CHO,50,1577,.475,.532,.325,.520,.811,.563,.274,.275,100,97,90,95,104,97,103,71,-29.6,-23.8
328,264,Juancho Hernangómez,PF,27,TOR,42,614,.421,.660,.254,.496,.562,.504,.140,.588,89,120,70,91,72,87,53,152,-11.3,-18.7
329,265,Willy Hernangómez,C,28,NOP,38,458,.527,.544,.273,.536,.779,.610,.615,.065,111,99,76,98,100,105,231,17,-3.3,12.3
330,266,Tyler Herro,SG,23,MIA,67,2337,.439,.497,.378,.531,.934,.566,.164,.484,92,91,105,97,119,97,62,125,-32.4,-35.3
331,267,Buddy Hield,SF,30,IND,80,2482,.458,.518,.425,.596,.822,.614,.124,.652,96,95,118,109,105,106,47,168,106.1,71.3
332,268,Haywood Highsmith,PF,26,MIA,54,969,.431,.523,.339,.516,.464,.517,.130,.505,91,96,94,95,59,89,49,130,-12.5,-29.4
333,269,George Hill,PG-SG,36,TOT,46,834,.470,.620,.358,.572,.764,.610,.331,.572,99,113,99,105,98,105,124,148,9.0,10.9
334,270,George Hill,PG,36,MIL,35,668,.447,.621,.311,.534,.739,.575,.348,.561,94,113,86,98,95,99,131,145,-2.9,-2.0
335,271,George Hill,SG,36,IND,11,166,.559,.615,.524,.721,.889,.751,.265,.618,118,112,145,132,114,129,99,159,11.9,12.9
336,272,Malcolm Hill,SF,27,CHI,5,9,.500,1.000,.333,.625,,.625,.000,.750,105,183,92,115,,108,,194,.6,.3
337,273,Aaron Holiday,PG,26,ATL,63,845,.418,.424,.409,.500,.844,.528,.145,.400,88,77,113,92,108,91,55,103,-19.9,-25.1
338,274,Jrue Holiday,PG,32,MIL,67,2183,.479,.542,.384,.556,.859,.586,.173,.402,101,99,107,102,110,101,65,104,22.4,10.2
339,275,Justin Holiday,SG-SF,33,TOT,46,706,.377,.508,.322,.490,.625,.494,.039,.701,79,93,89,90,80,85,15,181,-22.5,-36.2
340,276,Justin Holiday,SF,33,ATL,28,411,.384,.474,.345,.504,,.504,.000,.696,81,86,96,92,,87,,180,-10.3,-19.3
341,277,Justin Holiday,SF,33,DAL,18,295,.367,.565,.286,.468,.625,.479,.101,.709,77,103,79,86,80,82,38,183,-12.2,-16.9
342,278,Richaun Holmes,C,29,SAC,42,348,.618,.617,.625,.646,.789,.668,.213,.090,130,113,173,118,101,115,80,23,17.9,16.8
343,279,Al Horford,C,36,BOS,63,1922,.476,.539,.446,.627,.714,.631,.044,.678,100,98,124,115,91,109,16,175,78.6,48.4
344,280,Talen Horton-Tucker,SG,22,UTA,65,1313,.419,.485,.286,.467,.750,.508,.274,.331,88,89,79,86,96,87,103,85,-96.5,-100.6
345,,,,,,,,,,,,,,,,,,,,,,,,,
346,,League Average,,,,,,.475,.548,.361,.545,.782,.581,.266,.387,,,,,,,,,,
347,,,,,,,,,,,,,,,,,,,,,,,,,
348,,,,,,,,Player Shooting %,Player Shooting %,Player Shooting %,Player Shooting %,Player Shooting %,Player Shooting %,Player Shooting %,Player Shooting %,League-Adjusted,League-Adjusted,League-Adjusted,League-Adjusted,League-Adjusted,League-Adjusted,League-Adjusted,League-Adjusted,,
349,Rk,Player,Pos,Age,Team,G,MP,FG,2P,3P,eFG,FT,TS,FTr,3PAr,FG+,2P+,3P+,eFG+,FT+,TS+,FTr+,3PAr+,FG Add,TS Add
350,281,Danuel House Jr.,SF,29,PHI,56,807,.472,.644,.336,.566,.750,.600,.305,.558,99,117,93,104,96,103,114,144,8.2,8.3
351,282,Caleb Houstan,SF,20,ORL,51,812,.363,.435,.338,.489,.833,.508,.099,.747,76,79,94,90,107,87,37,193,-20.5,-27.8
352,283,Trevor Hudgins,PG,23,HOU,5,28,.222,.000,.250,.333,1.000,.436,.333,.889,47,,69,61,128,75,125,229,-3.8,-3.0
353,284,Kevin Huerter,SG,24,SAC,75,2203,.485,.604,.402,.603,.725,.617,.151,.589,102,110,111,111,93,106,57,152,100.6,66.3
354,285,Jay Huff,C,24,WAS,7,95,.600,.692,.500,.720,.938,.796,.640,.480,126,126,139,132,120,137,240,124,8.7,13.8
355,286,De'Andre Hunter,SF,25,ATL,67,2126,.461,.521,.350,.522,.826,.563,.252,.348,97,95,97,96,106,97,95,90,-38.4,-32.5
356,287,Bones Hyland,PG,22,TOT,56,1085,.399,.434,.371,.502,.843,.535,.179,.552,84,79,103,92,108,92,67,142,-49.7,-57.0
357,288,Bones Hyland,PG,22,DEN,42,820,.399,.425,.378,.503,.866,.540,.189,.555,84,78,105,92,111,93,71,143,-36.3,-38.5
358,289,Bones Hyland,PG,22,LAC,14,265,.401,.460,.351,.496,.750,.518,.146,.540,84,84,97,91,96,89,55,139,-13.4,-18.5
359,290,Serge Ibaka,C,33,MIL,16,185,.481,.556,.333,.537,.615,.553,.241,.333,101,101,92,98,79,95,90,86,-0.9,-3.4
360,291,Andre Iguodala,PF,39,GSW,8,113,.467,1.000,.111,.500,.667,.521,.200,.600,98,183,31,92,85,90,75,155,-1.4,-2.0
361,292,Joe Ingles,SF,35,MIL,46,1044,.435,.556,.409,.603,.857,.616,.085,.819,92,101,113,111,110,106,32,211,28.6,18.0
362,293,Brandon Ingram,SF,25,NOP,45,1538,.484,.507,.390,.522,.882,.582,.326,.196,102,92,108,96,113,100,122,51,-38.6,2.2
363,294,Kyrie Irving,SG-PG,30,TOT,60,2241,.494,.574,.379,.572,.905,.613,.227,.412,104,105,105,105,116,106,85,106,64.1,84.9
364,295,Kyrie Irving,PG,30,BRK,40,1478,.486,.569,.374,.565,.883,.604,.219,.425,102,104,104,104,113,104,82,110,32.9,40.3
365,296,Kyrie Irving,SG,30,DAL,20,763,.510,.585,.392,.586,.947,.634,.245,.385,107,107,109,107,121,109,92,99,31.2,44.5
366,297,Jonathan Isaac,PF,25,ORL,11,124,.415,.421,.400,.472,.556,.483,.170,.283,87,77,111,87,71,83,64,73,-7.8,-11.2
367,298,Jaden Ivey,SG,20,DET,74,2304,.416,.457,.343,.477,.747,.528,.362,.356,88,83,95,88,96,91,136,92,-134.0,-120.8
368,299,Frank Jackson,PG,24,UTA,1,5,.000,.000,.000,.000,,.000,.000,.333,,,,,,,,86,-3.3,-3.5
369,300,Isaiah Jackson,C,21,IND,63,1042,.563,.582,.143,.566,.651,.595,.459,.044,118,106,40,104,83,102,172,11,13.2,10.6
370,,,,,,,,,,,,,,,,,,,,,,,,,
371,,League Average,,,,,,.475,.548,.361,.545,.782,.581,.266,.387,,,,,,,,,,
372,,,,,,,,,,,,,,,,,,,,,,,,,
373,,,,,,,,Player Shooting %,Player Shooting %,Player Shooting %,Player Shooting %,Player Shooting %,Player Shooting %,Player Shooting %,Player Shooting %,League-Adjusted,League-Adjusted,League-Adjusted,League-Adjusted,League-Adjusted,League-Adjusted,League-Adjusted,League-Adjusted,,
374,Rk,Player,Pos,Age,Team,G,MP,FG,2P,3P,eFG,FT,TS,FTr,3PAr,FG+,2P+,3P+,eFG+,FT+,TS+,FTr+,3PAr+,FG Add,TS Add
375,301,Jaren Jackson Jr.,C,23,MEM,63,1787,.506,.585,.355,.567,.788,.613,.372,.343,106,107,98,104,101,105,140,89,35.6,60.9
376,302,Justin Jackson,SF,27,BOS,23,107,.259,.286,.250,.352,.500,.359,.074,.741,55,52,69,65,64,62,28,191,-10.4,-12.4
377,303,Quenton Jackson,PG,24,WAS,9,135,.452,.600,.083,.464,.773,.542,.524,.286,95,110,23,85,99,93,197,74,-6.8,-4.1
378,304,Reggie Jackson,PG,32,TOT,68,1657,.411,.474,.333,.486,.910,.514,.122,.450,86,87,92,89,116,88,46,116,-75.9,-90.9
379,305,Reggie Jackson,PG,32,LAC,52,1338,.418,.469,.350,.493,.924,.523,.129,.430,88,86,97,90,118,90,48,111,-53.3,-63.0
380,306,Reggie Jackson,PG,32,DEN,16,319,.383,.500,.279,.457,.833,.476,.094,.531,81,91,77,84,107,82,35,137,-22.6,-27.9
381,307,LeBron James,PF,38,LAL,55,1954,.500,.580,.321,.549,.768,.583,.268,.309,105,106,89,101,98,100,101,80,9.7,5.6
382,308,Ty Jerome,SG,25,GSW,45,816,.488,.546,.389,.560,.927,.594,.169,.372,103,100,108,103,119,102,64,96,7.1,6.7
383,309,Isaiah Joe,SG,23,OKC,73,1395,.441,.553,.409,.599,.820,.626,.197,.776,93,101,113,110,105,108,74,200,55.0,49.3
384,310,Alize Johnson,PF,26,SAS,4,30,.500,.750,.000,.500,.500,.509,.333,.333,105,137,,92,64,88,125,86,-0.5,-1.0
385,311,Cameron Johnson,PF,26,TOT,42,1199,.470,.548,.404,.579,.842,.617,.253,.538,99,100,112,106,108,106,95,139,32.1,37.6
386,312,Cameron Johnson,PF,26,PHO,17,429,.474,.500,.455,.604,.818,.629,.191,.572,100,91,126,111,105,108,72,148,20.3,18.0
387,313,Cameron Johnson,PF,26,BRK,25,770,.468,.572,.372,.565,.851,.610,.289,.518,99,104,103,104,109,105,108,134,11.8,19.6
388,314,James Johnson,PF,35,IND,18,162,.449,.559,.200,.480,.500,.486,.163,.306,94,102,55,88,64,84,61,79,-6.4,-10.1
389,315,Jalen Johnson,SF,21,ATL,70,1042,.491,.587,.288,.537,.628,.554,.242,.323,103,107,80,99,80,95,91,83,-5.1,-19.2
390,316,Keldon Johnson,SF,23,SAS,63,2063,.452,.523,.329,.512,.749,.551,.294,.366,95,95,91,94,96,95,110,94,-73.7,-76.1
391,317,Keon Johnson,SG,20,POR,40,416,.376,.402,.346,.455,.659,.482,.230,.455,79,73,96,83,84,83,86,117,-32.1,-38.9
392,318,Stanley Johnson,SF,26,SAS,30,469,.533,.573,.450,.607,.667,.625,.320,.328,112,105,125,111,85,108,120,85,15.0,12.2
393,319,Nikola Jokić,C,27,DEN,69,2323,.632,.675,.383,.660,.822,.701,.406,.146,133,123,106,121,105,121,152,38,234.5,289.6
394,320,Carlik Jones,PG,25,CHI,7,56,.400,.333,.500,.500,.625,.540,.533,.400,84,61,139,92,80,93,200,103,-1.4,-1.5
395,,,,,,,,,,,,,,,,,,,,,,,,,
396,,League Average,,,,,,.475,.548,.361,.545,.782,.581,.266,.387,,,,,,,,,,
397,,,,,,,,,,,,,,,,,,,,,,,,,
398,,,,,,,,Player Shooting %,Player Shooting %,Player Shooting %,Player Shooting %,Player Shooting %,Player Shooting %,Player Shooting %,Player Shooting %,League-Adjusted,League-Adjusted,League-Adjusted,League-Adjusted,League-Adjusted,League-Adjusted,League-Adjusted,League-Adjusted,,
399,Rk,Player,Pos,Age,Team,G,MP,FG,2P,3P,eFG,FT,TS,FTr,3PAr,FG+,2P+,3P+,eFG+,FT+,TS+,FTr+,3PAr+,FG Add,TS Add
400,321,Damian Jones,C,27,TOT,41,477,.640,.652,.588,.698,.759,.719,.337,.198,135,119,163,128,97,124,127,51,26.2,27.2
401,322,Damian Jones,C,27,LAL,22,176,.541,.588,.000,.541,.750,.600,.541,.081,114,107,,99,96,103,203,21,-0.3,1.8
402,323,Damian Jones,C,27,UTA,19,301,.714,.714,.714,.816,.778,.821,.184,.286,150,130,198,150,99,141,69,74,26.6,25.4
403,324,Derrick Jones Jr.,PF,25,CHI,64,893,.500,.587,.338,.559,.738,.597,.365,.348,105,107,94,102,94,103,137,90,6.2,8.7
404,325,Herbert Jones,PF,24,NOP,66,1951,.469,.536,.335,.525,.764,.567,.321,.333,99,98,93,96,98,98,121,86,-20.3,-15.8
405,326,Kai Jones,C,22,CHO,46,550,.558,.624,.211,.575,.731,.597,.217,.158,117,114,58,105,93,103,81,41,7.1,4.2
406,327,Tre Jones,PG,23,SAS,68,1984,.459,.506,.285,.489,.860,.534,.231,.213,97,92,79,90,110,92,87,55,-83.2,-76.7
407,328,Tyus Jones,PG,26,MEM,80,1940,.438,.495,.371,.523,.800,.546,.141,.459,92,90,103,96,102,94,53,119,-31.3,-53.5
408,329,DeAndre Jordan,C,34,DEN,39,586,.765,.763,1.000,.770,.458,.731,.417,.009,161,139,277,141,59,126,157,2,51.6,40.8
409,330,Cory Joseph,PG,31,DET,62,1227,.427,.468,.389,.527,.792,.558,.205,.513,90,85,108,97,101,96,77,132,-12.8,-17.9
410,331,Nikola Jović,PF,19,MIA,15,204,.406,.588,.229,.464,.947,.530,.275,.507,85,107,63,85,121,91,103,131,-11.2,-7.9
411,332,Johnny Juzang,SG,21,UTA,18,232,.337,.488,.238,.409,.500,.411,.038,.606,71,89,66,75,64,71,14,156,-28.4,-35.9
412,333,Mfiondu Kabengele,PF,25,BOS,4,36,.286,.500,.000,.286,1.000,.381,.286,.429,60,91,,52,128,65,107,111,-3.6,-3.2
413,334,Frank Kaminsky,C,29,TOT,36,235,.492,.600,.394,.595,.875,.635,.254,.524,104,110,109,109,112,109,95,135,6.3,7.6
414,335,Frank Kaminsky,C,29,ATL,26,176,.568,.667,.478,.693,.833,.720,.273,.523,120,122,133,127,107,124,102,135,13.0,13.7
415,336,Frank Kaminsky,C,29,HOU,10,59,.316,.444,.200,.368,1.000,.434,.211,.526,66,81,55,68,128,75,79,136,-6.7,-6.1
416,337,Trevor Keels,SG,19,NYK,3,8,.250,,.250,.375,,.375,.000,1.000,53,,69,69,,65,,258,-1.4,-1.7
417,338,Luke Kennard,SG,26,TOT,59,1315,.492,.487,.494,.666,.949,.684,.102,.704,104,89,137,122,121,118,38,182,92.4,82.0
418,339,Luke Kennard,SG,26,LAC,35,725,.464,.494,.447,.604,.950,.623,.095,.626,98,90,124,111,122,107,36,161,24.9,18.5
419,340,Luke Kennard,SG,26,MEM,24,590,.526,.471,.540,.743,.947,.758,.111,.801,111,86,150,136,121,130,42,207,67.5,63.5
420,,,,,,,,,,,,,,,,,,,,,,,,,
421,,League Average,,,,,,.475,.548,.361,.545,.782,.581,.266,.387,,,,,,,,,,
422,,,,,,,,,,,,,,,,,,,,,,,,,
423,,,,,,,,Player Shooting %,Player Shooting %,Player Shooting %,Player Shooting %,Player Shooting %,Player Shooting %,Player Shooting %,Player Shooting %,League-Adjusted,League-Adjusted,League-Adjusted,League-Adjusted,League-Adjusted,League-Adjusted,League-Adjusted,League-Adjusted,,
424,Rk,Player,Pos,Age,Team,G,MP,FG,2P,3P,eFG,FT,TS,FTr,3PAr,FG+,2P+,3P+,eFG+,FT+,TS+,FTr+,3PAr+,FG Add,TS Add
425,341,Walker Kessler,C,21,UTA,74,1703,.720,.723,.333,.721,.516,.702,.384,.007,151,132,92,132,66,121,144,2,145.5,116.4
426,342,Braxton Key,SF,25,DET,3,9,1.000,1.000,,1.000,1.000,1.064,2.000,.000,210,183,,183,128,183,751,,.9,1.8
427,343,Louis King,PF,23,PHI,1,29,.615,.800,.500,.769,.000,.744,.077,.615,129,146,139,141,,128,29,159,5.8,4.4
428,344,Corey Kispert,SF,23,WAS,74,2093,.497,.637,.424,.637,.852,.657,.150,.656,105,116,118,117,109,113,56,169,107.1,94.9
429,345,Maxi Kleber,PF,31,DAL,37,930,.456,.667,.348,.571,.711,.592,.225,.663,96,122,97,105,91,102,84,171,8.7,4.1
430,346,Nathan Knight,C,25,MIN,38,291,.568,.644,.364,.617,.684,.655,.704,.272,119,118,101,113,88,113,264,70,11.7,15.7
431,347,Kevin Knox,PF-SF,23,TOT,63,952,.458,.596,.349,.556,.767,.579,.181,.560,96,109,97,102,98,100,68,145,7.0,-1.6
432,348,Kevin Knox,SF,23,DET,42,593,.469,.651,.371,.589,.788,.612,.184,.648,99,119,103,108,101,105,69,167,15.8,12.0
433,349,Kevin Knox,PF,23,POR,21,359,.444,.554,.314,.516,.741,.540,.176,.458,93,101,87,95,95,93,66,118,-8.8,-13.7
434,350,Christian Koloko,C,22,TOR,58,802,.480,.514,.083,.483,.627,.517,.393,.080,101,94,23,89,80,89,148,21,-18.6,-22.6
435,351,John Konchar,SF,26,MEM,72,1494,.431,.545,.339,.525,.778,.542,.113,.553,91,100,94,96,99,93,42,143,-13.0,-26.4
436,352,Furkan Korkmaz,SG,25,PHI,37,353,.432,.462,.391,.514,.722,.552,.324,.414,91,84,108,94,92,95,122,107,-7.0,-7.5
437,353,Luke Kornet,C,27,BOS,69,804,.665,.701,.231,.674,.821,.697,.229,.076,140,128,64,124,105,120,86,20,43.6,43.4
438,354,Vit Krejci,PG,22,ATL,29,165,.405,.625,.238,.473,.500,.475,.054,.568,85,114,66,87,64,82,20,146,-5.3,-8.0
439,355,Jonathan Kuminga,PF,20,GSW,67,1394,.525,.590,.370,.579,.652,.597,.278,.294,110,108,103,106,83,103,104,76,34.0,17.6
440,356,Kyle Kuzma,PF,27,WAS,64,2239,.448,.533,.333,.518,.730,.544,.208,.421,94,97,92,95,93,94,78,109,-61.4,-91.8
441,357,Anthony Lamb,SF,25,GSW,62,1195,.471,.652,.367,.588,.767,.610,.191,.634,99,119,102,108,98,105,72,164,26.6,19.3
442,358,Jock Landale,C,27,PHO,69,979,.528,.621,.250,.559,.752,.595,.312,.249,111,113,69,103,96,102,117,64,9.5,10.5
443,359,Romeo Langford,SG,23,SAS,43,844,.467,.530,.262,.498,.696,.524,.216,.236,98,97,73,91,89,90,81,61,-24.4,-32.7
444,360,Jake LaRavia,PF,21,MEM,35,414,.389,.542,.338,.516,.778,.531,.095,.747,82,99,94,95,99,91,36,193,-5.6,-10.0
445,,,,,,,,,,,,,,,,,,,,,,,,,
446,,League Average,,,,,,.475,.548,.361,.545,.782,.581,.266,.387,,,,,,,,,,
447,,,,,,,,,,,,,,,,,,,,,,,,,
448,,,,,,,,Player Shooting %,Player Shooting %,Player Shooting %,Player Shooting %,Player Shooting %,Player Shooting %,Player Shooting %,Player Shooting %,League-Adjusted,League-Adjusted,League-Adjusted,League-Adjusted,League-Adjusted,League-Adjusted,League-Adjusted,League-Adjusted,,
449,Rk,Player,Pos,Age,Team,G,MP,FG,2P,3P,eFG,FT,TS,FTr,3PAr,FG+,2P+,3P+,eFG+,FT+,TS+,FTr+,3PAr+,FG Add,TS Add
450,361,Zach LaVine,SG,27,CHI,77,2768,.485,.556,.375,.558,.848,.607,.308,.392,102,101,104,102,108,104,116,101,36.4,80.5
451,362,A.J. Lawson,SG,22,TOT,15,108,.500,.632,.400,.614,.250,.589,.182,.568,105,115,111,113,32,101,68,147,6.0,.8
452,363,A.J. Lawson,SG,22,MIN,1,2,1.000,1.000,,1.000,,1.000,.000,.000,210,183,,183,,172,,,.9,.8
453,364,A.J. Lawson,SG,22,DAL,14,106,.488,.611,.400,.605,.250,.580,.186,.581,103,112,111,111,32,100,70,150,5.1,-0.1
454,365,Damion Lee,SG,30,PHO,74,1506,.442,.439,.445,.564,.904,.607,.230,.546,93,80,123,103,116,104,86,141,17.1,25.3
455,366,Saben Lee,PG,23,TOT,25,373,.405,.418,.367,.450,.737,.517,.471,.248,85,76,102,83,94,89,177,64,-23.0,-18.8
456,367,Saben Lee,PG,23,PHI,2,10,.750,1.000,.000,.750,,.750,.000,.250,158,183,,138,,129,,65,1.6,1.3
457,368,Saben Lee,PG,23,PHO,23,363,.393,.398,.379,.440,.737,.510,.487,.248,83,73,105,81,94,88,183,64,-24.6,-20.2
458,369,Alex Len,C,29,SAC,26,161,.533,.571,.000,.533,.688,.580,.533,.067,112,104,,98,88,100,200,17,-0.7,-0.1
459,370,Kawhi Leonard,SF,31,LAC,52,1748,.512,.551,.416,.572,.871,.623,.320,.287,108,101,115,105,111,107,120,74,46.2,83.7
460,371,Meyers Leonard,C,30,MIL,9,114,.483,.636,.389,.603,.889,.652,.310,.621,102,116,108,111,114,112,116,160,3.4,4.7
461,372,Caris LeVert,SG,28,CLE,74,2237,.431,.462,.392,.517,.722,.546,.243,.437,91,84,109,95,92,94,91,113,-42.2,-57.7
462,373,Kira Lewis Jr.,PG,21,NOP,25,235,.455,.463,.441,.540,.864,.584,.250,.386,96,84,122,99,110,100,94,100,-1.0,.4
463,374,Damian Lillard,PG,32,POR,58,2107,.463,.574,.371,.564,.914,.645,.464,.547,97,105,103,103,117,111,174,141,45.2,183.2
464,375,Nassir Little,SF,22,POR,54,976,.442,.524,.367,.538,.717,.555,.152,.521,93,96,102,99,92,96,57,135,-4.4,-16.8
465,376,Isaiah Livers,PF,24,DET,52,1199,.417,.541,.365,.545,.821,.567,.135,.705,88,99,101,100,105,98,51,182,-0.1,-8.8
466,377,Kenneth Lofton Jr.,PF,20,MEM,24,176,.527,.566,.353,.559,.593,.572,.290,.183,111,103,98,103,76,98,109,47,2.6,-1.9
467,378,Kevon Looney,C,26,GSW,82,1958,.630,.632,.000,.630,.606,.639,.404,.003,133,115,,116,78,110,151,1,65.2,52.3
468,379,Brook Lopez,C,34,MIL,78,2373,.531,.637,.374,.606,.784,.630,.211,.405,112,116,104,111,100,108,79,104,109.6,96.7
469,380,Robin Lopez,C,34,CLE,37,299,.640,.648,.500,.653,.778,.675,.240,.053,135,118,139,120,99,116,90,14,16.2,15.6
470,,,,,,,,,,,,,,,,,,,,,,,,,
471,,League Average,,,,,,.475,.548,.361,.545,.782,.581,.266,.387,,,,,,,,,,
472,,,,,,,,,,,,,,,,,,,,,,,,,
473,,,,,,,,Player Shooting %,Player Shooting %,Player Shooting %,Player Shooting %,Player Shooting %,Player Shooting %,Player Shooting %,Player Shooting %,League-Adjusted,League-Adjusted,League-Adjusted,League-Adjusted,League-Adjusted,League-Adjusted,League-Adjusted,League-Adjusted,,
474,Rk,Player,Pos,Age,Team,G,MP,FG,2P,3P,eFG,FT,TS,FTr,3PAr,FG+,2P+,3P+,eFG+,FT+,TS+,FTr+,3PAr+,FG Add,TS Add
475,381,Kevin Love,PF,34,TOT,62,1240,.389,.516,.334,.506,.879,.548,.215,.698,82,94,93,93,112,94,81,180,-33.4,-30.5
476,382,Kevin Love,PF,34,CLE,41,821,.389,.467,.354,.511,.889,.555,.221,.684,82,85,98,94,114,95,83,177,-19.8,-16.5
477,383,Kevin Love,PF,34,MIA,21,419,.388,.632,.297,.496,.857,.535,.201,.727,82,115,82,91,110,92,76,188,-13.6,-13.9
478,384,Kyle Lowry,PG,36,MIA,55,1718,.404,.509,.345,.514,.859,.565,.278,.639,85,93,96,94,110,97,104,165,-29.9,-17.9
479,385,Trey Lyles,PF,27,SAC,74,1247,.458,.595,.362,.565,.815,.607,.304,.588,96,109,100,104,104,105,114,152,16.1,24.3
480,386,Théo Maledon,PG,21,CHO,44,854,.402,.465,.295,.457,.851,.515,.291,.374,84,85,82,84,109,89,109,97,-45.0,-38.1
481,387,Sandro Mamukelashvili,C,23,TOT,43,660,.422,.511,.303,.487,.684,.516,.248,.430,89,93,84,89,88,89,93,111,-26.8,-33.5
482,388,Sandro Mamukelashvili,C,23,MIL,24,217,.328,.462,.219,.388,.667,.432,.310,.552,69,84,61,71,85,74,116,142,-18.2,-19.6
483,389,Sandro Mamukelashvili,C,23,SAS,19,443,.453,.524,.343,.520,.692,.545,.227,.390,95,96,95,95,89,94,85,101,-8.6,-13.9
484,390,Terance Mann,SG,26,LAC,81,1872,.519,.598,.389,.593,.780,.619,.225,.378,109,109,108,109,100,106,85,98,49.6,43.5
485,391,Tre Mann,PG,21,OKC,67,1183,.393,.475,.315,.474,.764,.492,.110,.513,83,87,87,87,98,85,41,132,-71.3,-93.6
486,392,Boban Marjanović,C,34,HOU,31,171,.683,.695,.000,.683,.741,.710,.450,.017,144,127,,125,95,122,169,4,16.6,18.4
487,393,Lauri Markkanen,PF,25,UTA,66,2273,.499,.585,.391,.586,.875,.640,.348,.446,105,107,109,107,112,110,131,115,93.4,155.8
488,394,Naji Marshall,SF,25,NOP,77,1792,.433,.513,.303,.490,.789,.539,.306,.382,91,94,84,90,101,93,115,99,-62.7,-55.3
489,395,Caleb Martin,SF,27,MIA,71,2077,.464,.545,.356,.540,.805,.571,.206,.431,98,99,99,99,103,98,77,111,-5.6,-11.9
490,396,Cody Martin,SF,27,CHO,7,134,.389,.500,.214,.431,.571,.448,.194,.389,82,91,59,79,73,77,73,100,-8.3,-10.4
491,397,Kenyon Martin Jr.,SF,22,HOU,82,2292,.569,.679,.315,.617,.680,.635,.308,.300,120,124,87,113,87,109,116,77,102.8,88.4
492,398,Tyrese Martin,SG,23,ATL,16,66,.391,.500,.143,.413,1.000,.440,.087,.304,82,91,40,76,128,76,33,79,-6.1,-6.8
493,399,Garrison Mathews,SG,26,TOT,54,686,.363,.476,.350,.520,.906,.573,.264,.896,76,87,97,95,116,99,99,231,-10.2,-3.8
494,400,Garrison Mathews,SG,26,HOU,45,602,.353,.467,.342,.509,.911,.564,.265,.912,74,85,95,93,117,97,99,235,-12.4,-6.6
495,,,,,,,,,,,,,,,,,,,,,,,,,
496,,League Average,,,,,,.475,.548,.361,.545,.782,.581,.266,.387,,,,,,,,,,
497,,,,,,,,,,,,,,,,,,,,,,,,,
498,,,,,,,,Player Shooting %,Player Shooting %,Player Shooting %,Player Shooting %,Player Shooting %,Player Shooting %,Player Shooting %,Player Shooting %,League-Adjusted,League-Adjusted,League-Adjusted,League-Adjusted,League-Adjusted,League-Adjusted,League-Adjusted,League-Adjusted,,
499,Rk,Player,Pos,Age,Team,G,MP,FG,2P,3P,eFG,FT,TS,FTr,3PAr,FG+,2P+,3P+,eFG+,FT+,TS+,FTr+,3PAr+,FG Add,TS Add
500,401,Garrison Mathews,SG,26,ATL,9,84,.419,.500,.400,.581,.875,.623,.258,.806,88,91,111,106,112,107,97,208,2.2,2.9
501,402,Bennedict Mathurin,SG,20,IND,78,2222,.434,.488,.323,.487,.828,.566,.477,.326,91,89,89,89,106,97,179,84,-111.1,-35.8
502,403,Wesley Matthews,SF,36,MIL,52,820,.362,.528,.315,.484,.857,.519,.175,.775,76,96,87,89,110,89,66,200,-19.5,-21.3
503,404,Tyrese Maxey,SG,22,PHI,60,2016,.481,.513,.434,.568,.845,.605,.233,.404,101,94,120,104,108,104,88,104,42.4,47.7
504,405,Skylar Mays,PG,25,POR,6,189,.500,.524,.462,.588,.923,.624,.191,.382,105,96,128,108,118,107,72,99,5.8,6.3
505,406,Miles McBride,PG,22,NYK,64,760,.358,.457,.299,.451,.667,.475,.195,.623,75,83,83,83,85,82,73,161,-40.5,-49.4
506,407,Mac McClung,SG,24,PHI,2,41,.450,.556,.364,.550,.600,.563,.250,.550,95,101,101,101,77,97,94,142,.2,-0.8
507,408,CJ McCollum,SG,31,NOP,75,2649,.437,.469,.389,.515,.769,.541,.177,.404,92,86,108,94,98,93,66,104,-80.6,-116.2
508,409,T.J. McConnell,PG,30,IND,75,1526,.543,.556,.441,.568,.853,.590,.131,.113,114,102,122,104,109,101,49,29,23.8,9.5
509,410,Jalen McDaniels,SF,25,TOT,80,1913,.455,.530,.332,.518,.841,.557,.224,.376,96,97,92,95,108,96,84,97,-33.8,-32.9
510,411,Jalen McDaniels,SF,25,CHO,56,1494,.447,.534,.322,.513,.846,.551,.211,.409,94,98,89,94,108,95,79,106,-31.7,-32.5
511,412,Jalen McDaniels,SF,25,PHI,24,419,.488,.516,.400,.537,.824,.580,.276,.244,103,94,111,98,105,100,104,63,-2.1,-0.4
512,413,Jaden McDaniels,SF,22,MIN,79,2416,.517,.588,.398,.591,.736,.611,.201,.376,109,107,110,108,94,105,75,97,66.2,47.0
513,414,Doug McDermott,SF,31,SAS,64,1314,.457,.516,.413,.575,.757,.590,.134,.570,96,94,114,105,97,102,50,147,30.7,10.2
514,415,JaVale McGee,C,35,DAL,42,355,.640,.650,.400,.648,.585,.650,.328,.040,135,119,111,119,75,112,123,10,25.7,19.7
515,416,Bryce McGowens,SG,20,CHO,46,787,.396,.443,.325,.460,.750,.519,.396,.396,83,81,90,84,96,89,149,102,-34.3,-29.7
516,417,Rodney McGruder,SG,31,DET,32,524,.408,.382,.423,.543,.818,.566,.145,.638,86,70,117,100,105,97,54,165,-0.8,-5.0
517,418,Jordan McLaughlin,PG,26,MIN,43,678,.421,.552,.308,.503,.833,.526,.124,.538,88,101,85,92,107,91,47,139,-12.1,-16.8
518,419,De'Anthony Melton,SG,24,PHI,77,2150,.425,.484,.390,.546,.793,.566,.134,.619,90,88,108,100,101,97,50,160,1.1,-21.3
519,420,Sam Merrill,SG,26,CLE,5,59,.409,1.000,.278,.523,1.000,.546,.091,.818,86,183,77,96,128,94,34,211,-1.0,-1.6
520,,,,,,,,,,,,,,,,,,,,,,,,,
521,,League Average,,,,,,.475,.548,.361,.545,.782,.581,.266,.387,,,,,,,,,,
522,,,,,,,,,,,,,,,,,,,,,,,,,
523,,,,,,,,Player Shooting %,Player Shooting %,Player Shooting %,Player Shooting %,Player Shooting %,Player Shooting %,Player Shooting %,Player Shooting %,League-Adjusted,League-Adjusted,League-Adjusted,League-Adjusted,League-Adjusted,League-Adjusted,League-Adjusted,League-Adjusted,,
524,Rk,Player,Pos,Age,Team,G,MP,FG,2P,3P,eFG,FT,TS,FTr,3PAr,FG+,2P+,3P+,eFG+,FT+,TS+,FTr+,3PAr+,FG Add,TS Add
525,421,Chimezie Metu,PF,25,SAC,66,689,.589,.663,.237,.610,.740,.639,.333,.174,124,121,66,112,95,110,125,45,28.2,29.1
526,422,Khris Middleton,SF,31,MIL,33,801,.436,.516,.315,.499,.902,.551,.251,.399,92,94,87,91,115,95,94,103,-37.7,-27.2
527,423,Patty Mills,PG,34,BRK,40,567,.411,.493,.366,.529,.833,.554,.144,.641,87,90,101,97,107,95,54,165,-6.9,-12.3
528,424,Shake Milton,SG,26,PHI,76,1567,.479,.521,.378,.535,.853,.575,.231,.294,101,95,105,98,109,99,87,76,-10.5,-7.1
529,425,Justin Minaya,SF,23,POR,4,89,.304,.364,.250,.370,.000,.363,.043,.522,64,66,69,68,,62,16,135,-8.1,-10.2
530,426,Josh Minott,SF,20,MIN,15,96,.500,.533,.333,.528,1.000,.582,.222,.167,105,97,92,97,128,100,83,43,-1.3,.1
531,427,Davion Mitchell,PG,24,SAC,80,1447,.454,.584,.320,.533,.806,.545,.078,.494,95,107,89,98,103,94,29,127,-10.1,-29.7
532,428,Donovan Mitchell,SG,26,CLE,68,2432,.484,.566,.386,.572,.867,.614,.262,.453,102,103,107,105,111,106,99,117,74.1,103.9
533,429,Evan Mobley,PF,21,CLE,79,2715,.554,.595,.216,.566,.674,.591,.321,.108,117,109,60,104,86,102,120,28,39.3,20.6
534,430,Isaiah Mobley,PF,23,CLE,12,84,.429,.450,.375,.482,1.000,.521,.143,.286,90,82,104,88,128,90,54,74,-3.5,-3.6
535,431,Chima Moneke,SF,27,SAC,2,8,.500,.500,,.500,.000,.347,1.000,.000,105,91,,92,,60,375,,-0.2,-1.3
536,432,Malik Monk,SG,24,SAC,77,1719,.448,.538,.359,.538,.889,.587,.260,.500,94,98,100,99,114,101,98,129,-11.0,9.8
537,433,Moses Moody,SG,20,GSW,63,817,.476,.641,.363,.584,.698,.603,.233,.595,100,117,101,107,89,104,88,153,17.5,11.0
538,434,Xavier Moon,SG,28,LAC,4,20,.333,.333,.333,.389,,.389,.000,.333,70,61,92,71,,67,,86,-2.8,-3.5
539,435,Wendell Moore Jr.,SG,21,MIN,29,153,.419,.615,.118,.442,.800,.465,.116,.395,88,112,33,81,102,80,44,102,-8.9,-10.5
540,436,Ja Morant,PG,23,MEM,61,1948,.466,.519,.307,.504,.748,.557,.409,.247,98,95,85,92,96,96,154,64,-99.9,-69.5
541,437,Markieff Morris,PF,33,TOT,35,355,.409,.432,.394,.530,1.000,.553,.087,.617,86,79,109,97,128,95,33,159,-3.4,-6.8
542,438,Markieff Morris,PF,33,BRK,27,285,.402,.394,.408,.524,1.000,.556,.122,.598,85,72,113,96,128,96,46,154,-3.4,-4.4
543,439,Markieff Morris,PF,33,DAL,8,70,.424,.545,.364,.545,,.545,.000,.667,89,100,101,100,,94,,172,.0,-2.4
544,440,Marcus Morris,PF,33,LAC,65,1825,.426,.484,.364,.513,.782,.534,.135,.479,90,88,101,94,100,92,51,124,-41.2,-64.0
545,,,,,,,,,,,,,,,,,,,,,,,,,
546,,League Average,,,,,,.475,.548,.361,.545,.782,.581,.266,.387,,,,,,,,,,
547,,,,,,,,,,,,,,,,,,,,,,,,,
548,,,,,,,,Player Shooting %,Player Shooting %,Player Shooting %,Player Shooting %,Player Shooting %,Player Shooting %,Player Shooting %,Player Shooting %,League-Adjusted,League-Adjusted,League-Adjusted,League-Adjusted,League-Adjusted,League-Adjusted,League-Adjusted,League-Adjusted,,
549,Rk,Player,Pos,Age,Team,G,MP,FG,2P,3P,eFG,FT,TS,FTr,3PAr,FG+,2P+,3P+,eFG+,FT+,TS+,FTr+,3PAr+,FG Add,TS Add
550,441,Monte Morris,PG,27,WAS,62,1695,.480,.543,.382,.555,.831,.579,.150,.396,101,99,106,102,106,100,56,102,10.4,-2.1
551,442,Trey Murphy III,SF,22,NOP,79,2448,.484,.611,.406,.610,.905,.650,.237,.621,102,111,113,112,116,112,89,160,103.6,120.8
552,443,Dejounte Murray,SG,26,ATL,74,2693,.464,.514,.344,.514,.832,.540,.144,.293,98,94,95,94,106,93,54,76,-81.4,-115.5
553,444,Jamal Murray,PG,25,DEN,65,2133,.454,.494,.398,.537,.833,.571,.207,.415,96,90,110,98,107,98,78,107,-17.2,-22.7
554,445,Keegan Murray,SF,22,SAC,80,2382,.453,.527,.411,.584,.765,.597,.104,.641,95,96,114,107,98,103,39,165,61.2,25.5
555,446,Mike Muscala,C,31,TOT,63,945,.449,.588,.391,.587,.769,.608,.178,.709,94,107,108,108,98,105,67,183,24.6,16.9
556,447,Mike Muscala,C,31,OKC,43,622,.438,.541,.394,.576,.795,.602,.192,.700,92,99,109,106,102,104,72,181,12.6,9.1
557,448,Mike Muscala,C,31,BOS,20,323,.472,.708,.385,.612,.692,.623,.146,.730,99,129,107,112,89,107,55,188,11.9,7.9
558,449,Svi Mykhailiuk,SF,25,TOT,32,468,.445,.473,.424,.566,.667,.584,.225,.572,94,86,118,104,85,100,85,148,7.3,.9
559,450,Svi Mykhailiuk,SF,25,NYK,13,40,.500,.000,.600,.750,.600,.739,.417,.833,105,,166,138,77,127,156,215,4.9,4.5
560,451,Svi Mykhailiuk,SF,25,CHO,19,428,.441,.486,.404,.553,.676,.571,.211,.553,93,89,112,101,87,98,79,143,2.4,-3.6
561,452,Larry Nance Jr.,C,30,NOP,65,1381,.610,.654,.333,.633,.696,.649,.259,.138,128,119,92,116,89,112,97,36,53.4,46.0
562,453,Andrew Nembhard,SG,23,IND,75,2073,.441,.504,.350,.512,.790,.528,.096,.408,93,92,97,94,101,91,36,105,-42.3,-71.4
563,454,Aaron Nesmith,SF,23,IND,73,1816,.427,.496,.366,.525,.838,.566,.241,.532,90,91,102,96,107,97,90,137,-24.4,-20.5
564,455,Raul Neto,PG,30,CLE,48,505,.518,.662,.286,.573,.912,.628,.309,.382,109,121,79,105,117,108,116,99,6.0,11.7
565,456,Georges Niang,PF,29,PHI,78,1512,.442,.576,.401,.596,.867,.610,.090,.765,93,105,111,109,111,105,34,197,50.6,30.4
566,457,Daishen Nix,PG,20,HOU,57,914,.342,.423,.286,.426,.667,.447,.152,.591,72,77,79,78,85,77,57,152,-56.5,-67.9
567,458,Zeke Nnaji,PF,22,DEN,53,728,.561,.710,.262,.605,.645,.620,.316,.332,118,130,73,111,83,107,119,86,23.3,17.4
568,459,Nerlens Noel,C,28,TOT,17,195,.361,.353,.500,.375,.667,.424,.333,.056,76,64,139,69,85,73,125,14,-12.3,-13.0
569,460,Nerlens Noel,C,28,DET,14,152,.400,.393,.500,.417,.700,.465,.333,.067,84,72,139,76,90,80,125,17,-7.7,-8.0
570,,,,,,,,,,,,,,,,,,,,,,,,,
571,,League Average,,,,,,.475,.548,.361,.545,.782,.581,.266,.387,,,,,,,,,,
572,,,,,,,,,,,,,,,,,,,,,,,,,
573,,,,,,,,Player Shooting %,Player Shooting %,Player Shooting %,Player Shooting %,Player Shooting %,Player Shooting %,Player Shooting %,Player Shooting %,League-Adjusted,League-Adjusted,League-Adjusted,League-Adjusted,League-Adjusted,League-Adjusted,League-Adjusted,League-Adjusted,,
574,Rk,Player,Pos,Age,Team,G,MP,FG,2P,3P,eFG,FT,TS,FTr,3PAr,FG+,2P+,3P+,eFG+,FT+,TS+,FTr+,3PAr+,FG Add,TS Add
575,461,Nerlens Noel,C,28,BRK,3,43,.167,.167,,.167,.500,.218,.333,.000,35,30,,31,64,38,125,,-4.5,-5.0
576,462,Jaylen Nowell,SG,23,MIN,65,1252,.448,.542,.289,.502,.778,.527,.158,.371,94,99,80,92,99,91,59,96,-54.6,-73.2
577,463,Frank Ntilikina,SG,24,DAL,47,607,.364,.477,.254,.428,.667,.461,.250,.508,76,87,70,79,85,79,94,131,-30.9,-35.3
578,464,Kendrick Nunn,SG,27,TOT,70,964,.424,.493,.354,.512,.854,.530,.091,.496,89,90,98,94,109,91,34,128,-29.7,-48.1
579,465,Kendrick Nunn,SG,27,LAL,39,528,.406,.488,.325,.488,.810,.503,.084,.502,85,89,90,90,104,87,31,130,-28.7,-40.5
580,466,Kendrick Nunn,SG,27,WAS,31,436,.447,.500,.392,.543,.900,.563,.101,.487,94,91,109,100,115,97,38,126,-1.0,-7.6
581,467,Jusuf Nurkić,C,28,POR,52,1391,.519,.567,.361,.561,.661,.589,.380,.236,109,104,100,103,85,101,143,61,16.3,8.7
582,468,Jordan Nwora,SF,24,TOT,62,1188,.436,.462,.408,.533,.791,.561,.193,.474,92,84,113,98,101,97,73,122,-11.3,-19.3
583,469,Jordan Nwora,SF,24,MIL,38,597,.386,.379,.392,.487,.860,.530,.218,.518,81,69,109,89,110,91,82,134,-22.8,-22.0
584,470,Jordan Nwora,SF,24,IND,24,591,.476,.518,.422,.569,.721,.586,.173,.440,100,95,117,104,92,101,65,113,11.6,2.7
585,471,Chuma Okeke,SF,24,ORL,27,518,.352,.472,.302,.459,.762,.488,.172,.705,74,86,84,84,97,84,65,182,-21.0,-24.6
586,472,Josh Okogie,SG,24,PHO,72,1350,.391,.442,.335,.471,.724,.531,.464,.476,82,81,93,86,93,91,174,123,-61.5,-50.5
587,473,Onyeka Okongwu,C,22,ATL,80,1849,.638,.647,.308,.642,.781,.678,.394,.026,134,118,85,118,100,117,148,7,96.0,113.0
588,474,Isaac Okoro,SF,22,CLE,76,1652,.494,.617,.363,.582,.757,.614,.291,.483,104,113,101,107,97,106,109,125,26.0,25.8
589,475,KZ Okpala,PF,23,SAC,35,248,.421,.529,.333,.513,.875,.554,.211,.553,89,97,92,94,112,95,79,143,-2.4,-2.3
590,476,Victor Oladipo,SG,30,MIA,42,1106,.397,.471,.330,.484,.747,.513,.196,.526,84,86,92,89,96,88,74,136,-49.5,-59.9
591,477,Kelly Olynyk,C,31,UTA,68,1942,.499,.576,.394,.583,.853,.643,.417,.424,105,105,109,107,109,111,156,109,41.6,80.8
592,478,Eugene Omoruyi,SF,25,TOT,40,645,.443,.547,.281,.498,.680,.533,.329,.390,93,100,78,91,87,92,123,101,-21.6,-25.4
593,479,Eugene Omoruyi,SF,25,OKC,23,272,.468,.571,.258,.511,.607,.531,.298,.330,98,104,72,94,78,91,112,85,-6.5,-10.6
594,480,Eugene Omoruyi,SF,25,DET,17,373,.425,.526,.293,.489,.723,.533,.351,.433,89,96,81,90,93,92,132,112,-15.1,-14.8
595,,,,,,,,,,,,,,,,,,,,,,,,,
596,,League Average,,,,,,.475,.548,.361,.545,.782,.581,.266,.387,,,,,,,,,,
597,,,,,,,,,,,,,,,,,,,,,,,,,
598,,,,,,,,Player Shooting %,Player Shooting %,Player Shooting %,Player Shooting %,Player Shooting %,Player Shooting %,Player Shooting %,Player Shooting %,League-Adjusted,League-Adjusted,League-Adjusted,League-Adjusted,League-Adjusted,League-Adjusted,League-Adjusted,League-Adjusted,,
599,Rk,Player,Pos,Age,Team,G,MP,FG,2P,3P,eFG,FT,TS,FTr,3PAr,FG+,2P+,3P+,eFG+,FT+,TS+,FTr+,3PAr+,FG Add,TS Add
600,481,Royce O'Neale,SF,29,BRK,76,2409,.386,.379,.389,.524,.725,.538,.116,.707,81,69,108,96,93,93,44,182,-25.7,-53.7
601,482,Cedi Osman,SF,27,CLE,77,1548,.451,.564,.372,.560,.694,.579,.204,.589,95,103,103,103,89,100,76,152,16.0,-2.4
602,483,Kelly Oubre Jr.,SF,27,CHO,48,1548,.431,.510,.319,.497,.760,.534,.254,.414,91,93,88,91,97,92,95,107,-79.1,-86.5
603,484,Chris Paul,PG,37,PHO,59,1889,.440,.482,.375,.513,.831,.555,.240,.391,93,88,104,94,106,95,90,101,-42.5,-39.4
604,485,Cameron Payne,PG,28,PHO,48,968,.415,.448,.368,.490,.766,.512,.141,.408,87,82,102,90,98,88,53,105,-50.0,-66.4
605,486,Gary Payton II,SG,30,TOT,22,367,.594,.651,.500,.688,.857,.701,.101,.377,125,119,139,126,110,121,38,97,19.8,17.2
606,487,Gary Payton II,SG,30,POR,15,255,.585,.625,.529,.695,1.000,.713,.098,.415,123,114,147,127,128,123,37,107,12.3,11.3
607,488,Gary Payton II,SG,30,GSW,7,112,.607,.684,.444,.679,.667,.682,.107,.321,128,125,123,124,85,117,40,83,7.5,5.9
608,489,Theo Pinson,SG,27,DAL,40,323,.356,.360,.355,.483,.846,.512,.149,.713,75,66,98,89,108,88,56,184,-10.9,-12.8
609,490,Scotty Pippen Jr.,PG,22,LAL,6,32,.333,.333,.333,.375,.556,.439,.750,.250,70,61,92,69,71,75,281,65,-4.1,-4.6
610,491,Mason Plumlee,C,32,TOT,79,2054,.680,.680,,.680,.636,.689,.647,.000,143,124,,125,81,119,243,,130.2,134.2
611,492,Mason Plumlee,C,32,CHO,56,1597,.669,.669,,.669,.605,.673,.646,.000,141,122,,123,77,116,243,,98.2,93.7
612,493,Mason Plumlee,C,32,LAC,23,457,.727,.727,,.727,.772,.761,.648,.000,153,133,,133,99,131,243,,32.0,40.5
613,494,Jakob Poeltl,C,27,TOT,72,1906,.629,.630,.000,.629,.592,.635,.325,.002,132,115,,115,76,109,122,,104.1,75.8
614,495,Jakob Poeltl,C,27,SAS,46,1199,.616,.618,.000,.616,.605,.625,.332,.003,130,113,,113,77,108,125,1,54.9,39.0
615,496,Jakob Poeltl,C,27,TOR,26,707,.652,.652,,.652,.569,.652,.313,.000,137,119,,120,73,112,117,,49.2,36.8
616,497,Aleksej Pokusevski,PF,21,OKC,34,701,.434,.483,.365,.510,.629,.522,.141,.418,91,88,101,94,80,90,53,108,-17.5,-31.4
617,498,Jordan Poole,PG,23,GSW,82,2458,.430,.524,.336,.514,.870,.573,.325,.498,91,96,93,94,111,99,122,129,-79.7,-23.0
618,499,Kevin Porter Jr.,PG,22,HOU,59,2024,.442,.501,.366,.522,.784,.565,.299,.436,93,91,102,96,100,97,112,112,-41.0,-32.7
619,500,Michael Porter Jr.,SF,24,DEN,62,1798,.487,.579,.414,.602,.800,.621,.147,.556,102,106,115,110,102,107,55,143,93.1,68.8
620,,,,,,,,,,,,,,,,,,,,,,,,,
621,,League Average,,,,,,.475,.548,.361,.545,.782,.581,.266,.387,,,,,,,,,,
622,,,,,,,,,,,,,,,,,,,,,,,,,
623,,,,,,,,Player Shooting %,Player Shooting %,Player Shooting %,Player Shooting %,Player Shooting %,Player Shooting %,Player Shooting %,Player Shooting %,League-Adjusted,League-Adjusted,League-Adjusted,League-Adjusted,League-Adjusted,League-Adjusted,League-Adjusted,League-Adjusted,,
624,Rk,Player,Pos,Age,Team,G,MP,FG,2P,3P,eFG,FT,TS,FTr,3PAr,FG+,2P+,3P+,eFG+,FT+,TS+,FTr+,3PAr+,FG Add,TS Add
625,501,Otto Porter Jr.,SF,29,TOR,8,146,.500,.692,.353,.600,1.000,.656,.267,.567,105,126,98,110,128,113,100,146,3.3,5.0
626,502,Bobby Portis,PF,27,MIL,70,1818,.496,.555,.370,.555,.768,.575,.156,.320,104,101,102,102,98,99,58,83,15.3,-10.4
627,503,Kristaps Porziņģis,C,27,WAS,65,2120,.498,.559,.385,.565,.851,.627,.409,.350,105,102,107,104,109,108,153,90,40.9,108.8
628,504,Micah Potter,PF,24,UTA,7,52,.667,.750,.571,.800,,.800,.000,.467,140,137,158,147,,138,,120,7.6,6.6
629,505,Dwight Powell,C,31,DAL,76,1458,.732,.746,.000,.732,.667,.738,.625,.019,154,136,,134,85,127,234,5,100.7,107.4
630,506,Norman Powell,SG,29,LAC,60,1567,.479,.534,.397,.559,.812,.612,.390,.404,101,98,110,103,104,105,146,104,19.7,51.9
631,507,Jason Preston,PG,23,LAC,14,124,.439,.565,.278,.500,.000,.489,.049,.439,92,103,77,92,,84,18,113,-3.7,-7.7
632,508,Joshua Primo,SG,20,SAS,4,93,.346,.429,.250,.404,.778,.467,.346,.462,73,78,69,74,99,80,130,119,-7.4,-6.8
633,509,Taurean Prince,PF,28,MIN,54,1192,.467,.557,.381,.565,.844,.597,.203,.512,98,102,106,104,108,103,76,132,14.7,13.0
634,510,Payton Pritchard,PG,25,BOS,48,643,.412,.495,.364,.527,.750,.536,.065,.629,87,90,101,97,96,92,25,162,-9.2,-23.0
635,511,Trevelin Queen,SG,25,IND,7,70,.241,.357,.133,.276,1.000,.337,.172,.517,51,65,37,51,128,58,65,133,-15.6,-15.3
636,512,Neemias Queta,C,23,SAC,5,29,.667,.667,,.667,.000,.607,.222,.000,140,122,,122,,104,83,,2.2,.5
637,513,Immanuel Quickley,SG,23,NYK,81,2344,.448,.521,.370,.537,.819,.578,.265,.485,94,95,103,99,105,100,99,125,-14.7,-6.0
638,514,Lester Quinones,SG,22,GSW,4,18,.400,.000,.500,.600,.667,.654,1.200,.800,84,,139,110,85,113,450,206,.5,1.1
639,515,Julius Randle,PF,28,NYK,77,2737,.459,.553,.343,.536,.757,.581,.371,.444,97,101,95,98,97,100,139,115,-27.6,-0.3
640,516,Austin Reaves,SG,24,LAL,64,1843,.529,.631,.398,.616,.864,.687,.541,.441,111,115,110,113,111,118,203,114,69.7,127.8
641,517,Cam Reddish,SF,23,TOT,40,990,.446,.560,.312,.518,.853,.561,.240,.462,94,102,87,95,109,96,90,119,-17.2,-14.1
642,518,Cam Reddish,SF,23,NYK,20,438,.449,.550,.304,.511,.879,.558,.243,.412,94,100,84,94,112,96,91,106,-9.3,-7.0
643,519,Cam Reddish,SF,23,POR,20,552,.443,.568,.318,.523,.833,.563,.239,.500,93,104,88,96,107,97,90,129,-7.9,-7.1
644,520,Davon Reed,SG,27,TOT,43,342,.333,.289,.370,.435,.667,.471,.286,.548,70,53,102,80,85,81,107,141,-18.6,-20.9
645,,,,,,,,,,,,,,,,,,,,,,,,,
646,,League Average,,,,,,.475,.548,.361,.545,.782,.581,.266,.387,,,,,,,,,,
647,,,,,,,,,,,,,,,,,,,,,,,,,
648,,,,,,,,Player Shooting %,Player Shooting %,Player Shooting %,Player Shooting %,Player Shooting %,Player Shooting %,Player Shooting %,Player Shooting %,League-Adjusted,League-Adjusted,League-Adjusted,League-Adjusted,League-Adjusted,League-Adjusted,League-Adjusted,League-Adjusted,,
649,Rk,Player,Pos,Age,Team,G,MP,FG,2P,3P,eFG,FT,TS,FTr,3PAr,FG+,2P+,3P+,eFG+,FT+,TS+,FTr+,3PAr+,FG Add,TS Add
650,521,Davon Reed,SG,27,DEN,35,315,.312,.250,.364,.412,.750,.456,.250,.550,66,46,101,76,96,78,94,142,-21.2,-22.2
651,522,Davon Reed,SG,27,LAL,8,27,.750,1.000,.500,.875,.250,.694,1.000,.500,158,183,139,160,32,119,375,129,2.6,1.3
652,523,Paul Reed,C,23,PHI,69,755,.593,.606,.167,.596,.745,.620,.244,.029,125,111,46,109,95,107,92,7,21.1,17.9
653,524,Naz Reid,C,23,MIN,68,1251,.537,.653,.346,.602,.677,.617,.220,.376,113,119,96,110,87,106,83,97,65.8,45.3
654,525,Jared Rhoden,SG,23,DET,14,198,.386,.500,.250,.443,1.000,.482,.136,.455,81,91,69,81,128,83,51,117,-9.0,-9.2
655,526,Josh Richardson,SG,29,TOT,65,1530,.431,.506,.365,.528,.852,.555,.146,.529,91,92,101,97,109,95,55,136,-19.1,-31.5
656,527,Josh Richardson,SG,29,SAS,42,997,.436,.518,.357,.527,.883,.556,.148,.510,92,94,99,97,113,96,55,132,-14.7,-21.7
657,528,Josh Richardson,SG,29,NOP,23,533,.419,.468,.384,.530,.762,.550,.142,.581,88,85,106,97,97,95,53,150,-4.4,-9.8
658,529,Nick Richards,C,25,CHO,65,1217,.629,.628,1.000,.631,.749,.676,.585,.003,132,115,277,116,96,116,219,1,53.7,74.5
659,530,Austin Rivers,SG,30,MIN,52,1016,.435,.558,.350,.538,.769,.564,.187,.589,92,102,97,99,98,97,70,152,-2.9,-7.9
660,531,Duncan Robinson,SF,28,MIA,42,691,.371,.556,.328,.504,.906,.534,.135,.810,78,101,91,92,116,92,51,209,-19.5,-23.9
661,532,Jeremiah Robinson-Earl,PF,22,OKC,43,814,.444,.533,.333,.518,.833,.548,.169,.448,93,97,92,95,107,94,64,116,-13.4,-17.8
662,533,Mitchell Robinson,C,24,NYK,59,1591,.671,.671,,.671,.484,.652,.436,.000,141,123,,123,62,112,164,,70.7,47.1
663,534,Orlando Robinson,C,22,MIA,31,425,.528,.566,.000,.528,.710,.565,.348,.067,111,103,,97,91,97,131,17,-3.1,-3.3
664,535,Isaiah Roby,PF,24,SAS,42,474,.432,.516,.300,.490,.488,.497,.265,.387,91,94,83,90,62,86,99,100,-17.0,-29.2
665,536,David Roddy,PF,21,MEM,70,1258,.429,.553,.307,.506,.631,.519,.155,.505,90,101,85,93,81,89,58,130,-33.0,-55.5
666,537,Ryan Rollins,PG,20,GSW,12,62,.350,.364,.333,.425,1.000,.508,.300,.450,74,66,92,78,128,87,113,116,-4.8,-3.3
667,538,Derrick Rose,PG,34,NYK,27,338,.384,.438,.302,.443,.917,.463,.075,.396,81,80,84,81,117,80,28,102,-32.4,-39.0
668,539,Terrence Ross,SG,31,TOT,63,1330,.430,.507,.368,.532,.794,.544,.073,.555,90,93,102,98,102,94,27,143,-12.1,-36.0
669,540,Terrence Ross,SG,31,ORL,42,944,.431,.489,.381,.533,.750,.543,.067,.535,91,89,106,98,96,93,25,138,-7.1,-23.8
670,,,,,,,,,,,,,,,,,,,,,,,,,
671,,League Average,,,,,,.475,.548,.361,.545,.782,.581,.266,.387,,,,,,,,,,
672,,,,,,,,,,,,,,,,,,,,,,,,,
673,,,,,,,,Player Shooting %,Player Shooting %,Player Shooting %,Player Shooting %,Player Shooting %,Player Shooting %,Player Shooting %,Player Shooting %,League-Adjusted,League-Adjusted,League-Adjusted,League-Adjusted,League-Adjusted,League-Adjusted,League-Adjusted,League-Adjusted,,
674,Rk,Player,Pos,Age,Team,G,MP,FG,2P,3P,eFG,FT,TS,FTr,3PAr,FG+,2P+,3P+,eFG+,FT+,TS+,FTr+,3PAr+,FG Add,TS Add
675,541,Terrence Ross,SG,31,PHO,21,386,.428,.544,.347,.530,.857,.546,.084,.590,90,99,96,97,110,94,32,152,-5.0,-12.1
676,542,Terry Rozier,SG,28,CHO,63,2221,.415,.480,.327,.484,.809,.517,.185,.425,87,88,91,89,103,89,69,110,-144.5,-164.6
677,543,Ricky Rubio,PG,32,CLE,33,566,.343,.417,.256,.402,.800,.442,.197,.461,72,76,71,74,102,76,74,119,-51.1,-53.8
678,544,D'Angelo Russell,PG,26,TOT,71,2304,.469,.548,.396,.572,.829,.605,.228,.517,99,100,110,105,106,104,86,133,50.2,50.4
679,545,D'Angelo Russell,PG,26,MIN,54,1778,.465,.546,.391,.567,.856,.604,.230,.521,98,100,108,104,110,104,86,135,31.2,36.4
680,546,D'Angelo Russell,PG,26,LAL,17,526,.484,.555,.414,.588,.735,.610,.222,.502,102,101,115,108,94,105,83,130,19.0,14.0
681,547,Matt Ryan,SF,25,TOT,34,310,.370,.333,.381,.519,.833,.538,.111,.778,78,61,106,95,107,93,42,201,-5.8,-9.7
682,548,Matt Ryan,SF,25,LAL,12,129,.306,.143,.371,.439,.800,.459,.102,.714,64,26,103,80,102,79,38,184,-10.4,-12.5
683,549,Matt Ryan,SF,25,MIN,22,181,.424,.600,.388,.585,.857,.604,.119,.831,89,110,107,107,110,104,45,214,4.7,2.8
684,550,Domantas Sabonis,C,26,SAC,79,2736,.615,.639,.373,.632,.742,.668,.467,.088,129,117,104,116,95,115,175,23,162.1,195.5
685,551,Luka Šamanić,PF,23,UTA,7,161,.456,.692,.258,.526,.692,.550,.228,.544,96,126,72,97,89,95,86,140,-2.2,-3.9
686,552,Dario Šarić,C-PF,28,TOT,57,806,.458,.506,.391,.540,.829,.583,.274,.415,96,92,108,99,106,100,103,107,-3.1,1.1
687,553,Dario Šarić,PF,28,PHO,37,533,.427,.450,.391,.503,.818,.545,.247,.388,90,82,108,92,105,94,93,100,-15.1,-14.4
688,554,Dario Šarić,C,28,OKC,20,273,.515,.623,.391,.606,.844,.650,.323,.465,108,114,108,111,108,112,121,120,12.0,15.5
689,555,Olivier Sarr,C,23,OKC,9,114,.500,.636,.125,.517,.714,.544,.233,.267,105,116,35,95,91,94,88,69,-1.7,-2.5
690,556,Jordan Schakel,SF,24,WAS,2,6,.500,.000,1.000,.750,,.750,.000,.500,105,,277,138,,129,,129,.8,.7
691,557,Admiral Schofield,PF,25,ORL,37,451,.451,.646,.324,.549,.913,.587,.189,.607,95,118,90,101,117,101,71,157,1.0,1.4
692,558,Dennis Schröder,PG,29,LAL,66,1986,.415,.461,.329,.472,.857,.545,.388,.346,87,84,91,87,110,94,145,89,-94.8,-54.5
693,559,Jay Scrubb,SG,22,ORL,2,30,.714,.600,1.000,.857,.500,.825,.286,.286,150,110,277,157,64,142,107,74,4.4,3.8
694,560,Dereon Seabron,SG,22,NOP,5,12,.400,.400,,.400,,.400,.000,.000,84,73,,73,,69,,,-1.5,-1.8
695,,,,,,,,,,,,,,,,,,,,,,,,,
696,,League Average,,,,,,.475,.548,.361,.545,.782,.581,.266,.387,,,,,,,,,,
697,,,,,,,,,,,,,,,,,,,,,,,,,
698,,,,,,,,Player Shooting %,Player Shooting %,Player Shooting %,Player Shooting %,Player Shooting %,Player Shooting %,Player Shooting %,Player Shooting %,League-Adjusted,League-Adjusted,League-Adjusted,League-Adjusted,League-Adjusted,League-Adjusted,League-Adjusted,League-Adjusted,,
699,Rk,Player,Pos,Age,Team,G,MP,FG,2P,3P,eFG,FT,TS,FTr,3PAr,FG+,2P+,3P+,eFG+,FT+,TS+,FTr+,3PAr+,FG Add,TS Add
700,561,Alperen Şengün,C,20,HOU,75,2171,.553,.570,.333,.565,.715,.599,.360,.071,116,104,92,104,91,103,135,18,31.7,32.8
701,562,Collin Sexton,PG,24,UTA,48,1145,.506,.546,.393,.558,.819,.616,.425,.261,107,100,109,102,105,106,160,67,11.6,39.2
702,563,Landry Shamet,SG,25,PHO,40,807,.377,.376,.377,.502,.882,.537,.170,.663,79,69,104,92,113,92,64,171,-26.2,-28.8
703,564,Day'Ron Sharpe,C,21,BRK,48,552,.544,.544,.545,.561,.636,.581,.322,.064,114,99,151,103,81,100,121,17,5.5,.1
704,565,Shaedon Sharpe,SG,19,POR,80,1779,.472,.559,.360,.551,.714,.568,.162,.437,99,102,100,101,91,98,61,113,7.4,-18.0
705,566,Pascal Siakam,PF,28,TOR,71,2652,.480,.523,.324,.515,.774,.565,.361,.219,101,96,90,94,99,97,135,56,-78.8,-48.8
706,567,Chris Silva,PF,26,DAL,1,3,1.000,1.000,,1.000,,1.000,.000,.000,210,183,,183,,172,,,.9,.8
707,568,Ben Simmons,PG,26,BRK,42,1105,.566,.571,.000,.566,.439,.559,.243,.009,119,104,,104,56,96,91,2,9.7,-11.3
708,569,Kobi Simmons,SG,25,CHO,5,28,.167,.000,.200,.250,1.000,.363,.333,.833,35,,55,46,128,63,125,215,-3.5,-3.0
709,570,Anfernee Simons,SG,23,POR,62,2171,.447,.528,.377,.548,.894,.581,.171,.538,94,96,105,101,114,100,64,139,6.4,-0.4
710,571,Marko Simonovic,C,23,CHI,7,20,.286,.333,.250,.357,.500,.381,.286,.571,60,61,69,66,64,65,107,147,-2.6,-3.2
711,572,Jericho Sims,C,24,NYK,52,812,.776,.783,.000,.776,.750,.780,.150,.009,163,143,,142,96,134,56,2,49.3,45.4
712,573,Marcus Smart,PG,28,BOS,61,1957,.415,.519,.336,.511,.746,.538,.196,.568,87,95,93,94,95,92,74,147,-41.5,-57.2
713,574,Dennis Smith Jr.,PG,25,CHO,54,1390,.412,.475,.216,.438,.736,.475,.235,.246,87,87,60,80,94,82,88,63,-96.9,-105.7
714,575,Dru Smith,SG,25,TOT,15,158,.400,.500,.263,.456,1.000,.475,.067,.422,84,91,73,84,128,82,25,109,-8.1,-9.8
715,576,Dru Smith,SG,25,MIA,5,67,.357,.500,.167,.393,,.393,.000,.429,75,91,46,72,,68,,111,-4.3,-5.3
716,577,Dru Smith,SG,25,BRK,10,91,.419,.500,.308,.484,1.000,.511,.097,.419,88,91,85,89,128,88,36,108,-3.8,-4.6
717,578,Ish Smith,PG,34,DEN,43,398,.397,.420,.167,.405,.500,.407,.031,.092,84,77,46,74,64,70,11,24,-36.9,-46.3
718,579,Jalen Smith,C,22,IND,68,1279,.476,.593,.283,.530,.759,.565,.270,.376,100,108,78,97,97,97,101,97,-16.0,-18.6
719,580,Jabari Smith Jr.,PF,19,HOU,79,2451,.408,.487,.307,.475,.786,.514,.231,.438,86,89,85,87,101,88,87,113,-124.7,-132.3
720,,,,,,,,,,,,,,,,,,,,,,,,,
721,,League Average,,,,,,.475,.548,.361,.545,.782,.581,.266,.387,,,,,,,,,,
722,,,,,,,,,,,,,,,,,,,,,,,,,
723,,,,,,,,Player Shooting %,Player Shooting %,Player Shooting %,Player Shooting %,Player Shooting %,Player Shooting %,Player Shooting %,Player Shooting %,League-Adjusted,League-Adjusted,League-Adjusted,League-Adjusted,League-Adjusted,League-Adjusted,League-Adjusted,League-Adjusted,,
724,Rk,Player,Pos,Age,Team,G,MP,FG,2P,3P,eFG,FT,TS,FTr,3PAr,FG+,2P+,3P+,eFG+,FT+,TS+,FTr+,3PAr+,FG Add,TS Add
725,581,Xavier Sneed,SF,25,CHO,4,48,.500,.500,.500,.650,1.000,.723,.400,.600,105,91,139,119,128,124,150,155,2.1,3.3
726,582,Jeremy Sochan,PF,19,SAS,56,1458,.453,.519,.246,.483,.698,.509,.210,.243,95,95,68,89,89,88,79,63,-69.0,-87.0
727,583,Jaden Springer,SG,20,PHI,16,89,.486,.500,.400,.514,.750,.545,.229,.143,102,91,111,94,96,94,86,37,-2.2,-2.8
728,584,Lamar Stevens,SF,25,CLE,62,1120,.448,.513,.316,.500,.702,.524,.198,.330,94,94,88,92,90,90,74,85,-26.1,-36.0
729,585,Isaiah Stewart,C,21,DET,50,1414,.442,.542,.327,.518,.738,.560,.338,.465,93,99,91,95,94,96,127,120,-23.9,-21.9
730,586,Max Strus,SF,26,MIA,80,2272,.410,.559,.350,.535,.876,.557,.113,.713,86,102,97,98,112,96,42,184,-16.5,-40.9
731,587,Jalen Suggs,SG,21,ORL,53,1246,.419,.496,.327,.493,.723,.528,.268,.455,88,91,91,90,92,91,101,117,-46.2,-53.0
732,588,Edmond Sumner,SG,27,BRK,53,736,.461,.511,.356,.519,.917,.597,.401,.323,97,93,99,95,117,103,151,83,-14.3,10.0
733,589,Cole Swider,SF,23,LAL,7,41,.333,.000,.375,.500,,.500,.000,.889,70,,104,92,,86,,229,-0.8,-1.5
734,590,Jae'Sean Tate,SF,27,HOU,31,677,.480,.530,.283,.509,.725,.546,.301,.201,101,97,78,93,93,94,113,52,-16.7,-18.5
735,591,Jayson Tatum,SF,24,BOS,74,2732,.466,.558,.350,.543,.854,.607,.399,.440,98,102,97,100,109,104,150,114,-6.1,94.5
736,592,Terry Taylor,PF,23,TOT,31,264,.520,.607,.263,.553,.545,.557,.147,.253,109,111,73,101,70,96,55,65,1.2,-3.8
737,593,Terry Taylor,PF,23,IND,26,228,.462,.553,.222,.492,.714,.507,.108,.277,97,101,62,90,91,87,40,71,-6.9,-10.1
738,594,Terry Taylor,PF,23,CHI,5,36,.900,.889,1.000,.950,.250,.850,.400,.100,189,162,277,174,32,146,150,26,8.1,6.3
739,595,Garrett Temple,SG,36,NOP,25,162,.400,.368,.423,.522,.750,.535,.089,.578,84,67,117,96,96,92,33,149,-2.1,-4.4
740,596,Dalen Terry,SG,20,CHI,38,214,.444,.556,.259,.493,.667,.523,.292,.375,93,101,72,90,85,90,109,97,-7.5,-9.4
741,597,Daniel Theis,C,30,IND,7,109,.477,.576,.182,.500,.417,.497,.273,.250,100,105,50,92,53,86,102,65,-4.0,-8.3
742,598,Cam Thomas,SG,21,BRK,57,948,.441,.464,.383,.497,.868,.567,.382,.292,93,85,106,91,111,98,143,75,-44.3,-15.1
743,599,Klay Thompson,SF,32,GSW,69,2279,.436,.470,.412,.556,.879,.576,.105,.584,92,86,114,102,112,99,40,151,27.7,-14.0
744,600,JT Thor,PF,20,CHO,69,969,.399,.487,.317,.481,.702,.506,.197,.517,84,89,88,88,90,87,74,133,-30.5,-38.7
745,,,,,,,,,,,,,,,,,,,,,,,,,
746,,League Average,,,,,,.475,.548,.361,.545,.782,.581,.266,.387,,,,,,,,,,
747,,,,,,,,,,,,,,,,,,,,,,,,,
748,,,,,,,,Player Shooting %,Player Shooting %,Player Shooting %,Player Shooting %,Player Shooting %,Player Shooting %,Player Shooting %,Player Shooting %,League-Adjusted,League-Adjusted,League-Adjusted,League-Adjusted,League-Adjusted,League-Adjusted,League-Adjusted,League-Adjusted,,
749,Rk,Player,Pos,Age,Team,G,MP,FG,2P,3P,eFG,FT,TS,FTr,3PAr,FG+,2P+,3P+,eFG+,FT+,TS+,FTr+,3PAr+,FG Add,TS Add
750,601,Matisse Thybulle,SF-SG,25,TOT,71,1200,.435,.533,.365,.542,.679,.552,.111,.585,91,97,101,99,87,95,42,151,-1.9,-15.4
751,602,Matisse Thybulle,SF,25,PHI,49,591,.431,.547,.333,.522,.750,.536,.103,.543,91,100,92,96,96,92,39,140,-5.5,-11.0
752,603,Matisse Thybulle,SG,25,POR,22,609,.438,.519,.388,.558,.625,.566,.117,.620,92,95,108,102,80,97,44,160,3.6,-4.4
753,604,Xavier Tillman Sr.,C,24,MEM,61,1180,.614,.632,.267,.621,.551,.621,.291,.049,129,115,74,114,70,107,109,13,46.3,27.7
754,605,Isaiah Todd,PF,21,WAS,6,61,.158,.222,.100,.184,1.000,.226,.105,.526,33,41,28,34,128,39,40,136,-13.7,-14.1
755,606,Obi Toppin,PF,24,NYK,67,1050,.446,.593,.344,.548,.809,.565,.112,.589,94,108,95,100,103,97,42,152,2.1,-14.1
756,607,Juan Toscano-Anderson,SF,29,TOT,52,700,.448,.560,.186,.476,.792,.505,.168,.301,94,102,52,87,101,87,63,78,-19.9,-23.5
757,608,Juan Toscano-Anderson,SF,29,LAL,30,365,.500,.630,.200,.530,.733,.558,.227,.303,105,115,55,97,94,96,85,78,-2.0,-3.4
758,609,Juan Toscano-Anderson,SF,29,UTA,22,335,.403,.500,.174,.429,.889,.457,.117,.299,85,91,48,79,114,79,44,77,-18.0,-20.1
759,610,Karl-Anthony Towns,PF,27,MIN,29,957,.495,.576,.366,.565,.874,.618,.315,.383,104,105,101,104,112,106,118,99,17.3,35.4
760,611,Gary Trent Jr.,SG,24,TOR,66,2118,.433,.493,.369,.522,.839,.560,.219,.481,91,90,102,96,107,96,82,124,-43.6,-43.8
761,612,P.J. Tucker,PF,37,PHI,75,1920,.427,.482,.393,.549,.826,.566,.102,.622,90,88,109,101,106,97,38,161,1.6,-7.3
762,613,Myles Turner,C,26,IND,62,1825,.548,.638,.373,.612,.783,.651,.377,.340,115,117,104,112,100,112,141,88,97.7,119.7
763,614,Stanley Umude,SG,23,DET,1,2,.000,,.000,.000,1.000,.532,2.000,1.000,,,,,128,92,751,258,-1.1,-0.2
764,615,Jonas Valančiūnas,C,30,NOP,79,1968,.547,.577,.349,.570,.826,.610,.275,.134,115,105,97,105,106,105,103,34,40.1,51.8
765,616,Jarred Vanderbilt,PF,23,TOT,78,1879,.548,.604,.322,.580,.691,.604,.308,.200,115,110,89,106,88,104,116,52,31.2,23.6
766,617,Jarred Vanderbilt,PF,23,UTA,52,1254,.556,.606,.333,.587,.657,.607,.328,.183,117,111,92,108,84,104,123,47,25.9,18.3
767,618,Jarred Vanderbilt,PF,23,LAL,26,625,.529,.598,.303,.564,.784,.598,.264,.236,111,109,84,103,100,103,99,61,5.3,5.3
768,619,Fred VanVleet,PG,28,TOR,69,2535,.393,.455,.342,.486,.898,.540,.254,.545,83,83,95,89,115,93,96,141,-131.6,-102.5
769,620,Devin Vassell,SG,22,SAS,38,1178,.439,.480,.387,.525,.780,.550,.168,.447,92,88,107,96,100,95,63,115,-23.9,-39.8
770,,,,,,,,,,,,,,,,,,,,,,,,,
771,,League Average,,,,,,.475,.548,.361,.545,.782,.581,.266,.387,,,,,,,,,,
772,,,,,,,,,,,,,,,,,,,,,,,,,
773,,,,,,,,Player Shooting %,Player Shooting %,Player Shooting %,Player Shooting %,Player Shooting %,Player Shooting %,Player Shooting %,Player Shooting %,League-Adjusted,League-Adjusted,League-Adjusted,League-Adjusted,League-Adjusted,League-Adjusted,League-Adjusted,League-Adjusted,,
774,Rk,Player,Pos,Age,Team,G,MP,FG,2P,3P,eFG,FT,TS,FTr,3PAr,FG+,2P+,3P+,eFG+,FT+,TS+,FTr+,3PAr+,FG Add,TS Add
775,621,Gabe Vincent,PG,26,MIA,68,1759,.402,.512,.334,.505,.872,.533,.138,.617,85,93,93,93,112,92,52,159,-45.3,-58.0
776,622,Noah Vonleh,C,27,BOS,23,171,.458,.500,.250,.479,1.000,.502,.083,.167,96,91,69,88,128,86,31,43,-3.2,-3.9
777,623,Nikola Vučević,C,32,CHI,82,2746,.520,.594,.349,.573,.835,.594,.138,.302,109,108,97,105,107,102,52,78,63.1,31.6
778,624,Dean Wade,PF,26,CLE,44,891,.412,.560,.354,.540,.652,.550,.130,.718,87,102,98,99,83,95,49,185,-2.0,-11.5
779,625,Franz Wagner,SF,21,ORL,80,2609,.485,.544,.361,.543,.842,.589,.288,.322,102,99,100,100,108,101,108,83,-5.2,20.6
780,626,Moritz Wagner,C,25,ORL,57,1109,.500,.631,.313,.564,.841,.630,.460,.412,105,115,87,104,108,108,172,106,15.2,46.5
781,627,Ish Wainright,SF,28,PHO,60,915,.370,.500,.329,.496,.839,.522,.137,.762,78,91,91,91,107,90,51,197,-22.5,-28.7
782,628,Jabari Walker,SF,20,POR,56,619,.419,.472,.286,.460,.756,.496,.227,.283,88,86,79,84,97,85,85,73,-33.9,-37.2
783,629,Kemba Walker,PG,32,DAL,9,144,.421,.586,.250,.482,.810,.543,.368,.491,89,107,69,88,104,94,138,127,-7.2,-5.0
784,630,Lonnie Walker IV,SG,24,LAL,56,1297,.448,.522,.365,.534,.858,.570,.201,.472,94,95,101,98,110,98,75,122,-11.7,-12.9
785,631,John Wall,PG,32,LAC,34,755,.408,.459,.303,.457,.681,.498,.334,.322,86,84,84,84,87,86,125,83,-59.6,-64.7
786,632,T.J. Warren,SF-PF,29,TOT,42,687,.489,.542,.328,.530,.800,.550,.130,.248,103,99,91,97,102,95,49,64,-8.4,-17.8
787,633,T.J. Warren,PF,29,BRK,26,490,.510,.566,.333,.550,.818,.576,.165,.240,107,103,92,101,105,99,62,62,1.9,-2.4
788,634,T.J. Warren,SF,29,PHO,16,197,.429,.471,.316,.471,.500,.473,.029,.271,90,86,88,86,64,81,11,70,-10.3,-15.4
789,635,Duane Washington Jr.,SG,22,PHO,31,394,.367,.372,.360,.445,.667,.458,.094,.434,77,68,100,82,85,79,35,112,-51.2,-65.9
790,636,P.J. Washington,PF,24,CHO,73,2380,.444,.518,.348,.520,.730,.542,.178,.438,93,95,97,95,93,93,67,113,-49.5,-81.9
791,637,TyTy Washington Jr.,PG,21,HOU,31,433,.362,.487,.237,.422,.556,.432,.113,.500,76,89,66,77,71,74,42,129,-39.5,-50.2
792,638,Yuta Watanabe,SF,28,BRK,58,928,.491,.557,.444,.621,.723,.637,.203,.582,103,102,123,114,93,110,76,150,35.0,28.3
793,639,Lindy Waters III,SG,25,OKC,41,531,.393,.750,.358,.556,.800,.573,.112,.910,83,137,99,102,102,99,42,235,3.9,-3.2
794,640,Trendon Watford,PF,22,POR,62,1182,.560,.602,.391,.599,.720,.625,.310,.198,118,110,108,110,92,108,116,51,34.8,32.4
795,,,,,,,,,,,,,,,,,,,,,,,,,
796,,League Average,,,,,,.475,.548,.361,.545,.782,.581,.266,.387,,,,,,,,,,
797,,,,,,,,,,,,,,,,,,,,,,,,,
798,,,,,,,,Player Shooting %,Player Shooting %,Player Shooting %,Player Shooting %,Player Shooting %,Player Shooting %,Player Shooting %,Player Shooting %,League-Adjusted,League-Adjusted,League-Adjusted,League-Adjusted,League-Adjusted,League-Adjusted,League-Adjusted,League-Adjusted,,
799,Rk,Player,Pos,Age,Team,G,MP,FG,2P,3P,eFG,FT,TS,FTr,3PAr,FG+,2P+,3P+,eFG+,FT+,TS+,FTr+,3PAr+,FG Add,TS Add
800,641,Peyton Watson,SG,20,DEN,23,186,.492,.511,.429,.542,.550,.553,.339,.237,103,93,119,99,70,95,127,61,-0.3,-3.8
801,642,Blake Wesley,SG,19,SAS,37,669,.321,.301,.385,.367,.591,.393,.205,.242,68,55,107,67,76,68,77,62,-76.5,-88.4
802,643,Russell Westbrook,PG,34,TOT,73,2126,.436,.487,.311,.481,.656,.513,.317,.289,92,89,86,88,84,88,119,74,-127.7,-153.7
803,644,Russell Westbrook,PG,34,LAL,52,1491,.417,.467,.296,.460,.655,.496,.326,.292,88,85,82,84,84,85,123,75,-124.0,-142.2
804,645,Russell Westbrook,PG,34,LAC,21,635,.489,.540,.356,.538,.658,.562,.290,.279,103,98,99,99,84,97,109,72,-3.7,-11.5
805,646,Coby White,SG,22,CHI,74,1730,.443,.540,.372,.551,.871,.572,.118,.579,93,99,103,101,111,98,44,149,6.2,-11.3
806,647,Derrick White,SG,28,BOS,82,2319,.462,.548,.381,.560,.875,.604,.253,.516,97,100,106,103,112,104,95,133,22.4,37.6
807,648,Jack White,SF,25,DEN,17,66,.421,.500,.333,.500,.667,.517,.158,.474,89,91,92,92,85,89,59,122,-1.7,-2.6
808,649,Joe Wieskamp,SF,23,TOR,9,50,.214,.000,.250,.321,,.321,.000,.857,45,,69,59,,55,,221,-6.3,-7.3
809,650,Aaron Wiggins,SG,24,OKC,70,1297,.512,.573,.393,.579,.831,.607,.196,.336,108,105,109,106,106,105,73,87,24.1,20.7
810,651,Andrew Wiggins,SF,27,GSW,37,1190,.473,.530,.396,.557,.611,.564,.136,.425,99,97,110,102,78,97,51,110,12.1,-18.8
811,652,Lindell Wigginton,PG,24,MIL,7,87,.486,.632,.333,.568,.889,.610,.243,.486,102,115,92,104,114,105,91,126,1.7,2.4
812,653,Alondes Williams,SG,23,BRK,1,5,,,,,,,,,,,,,,,,,.0,.0
813,654,Donovan Williams,SG,21,ATL,2,4,.400,.667,.000,.400,,.400,.000,.400,84,122,,73,,69,,103,-1.5,-1.8
814,655,Grant Williams,PF,24,BOS,79,2045,.454,.546,.395,.575,.770,.605,.256,.611,95,100,110,105,99,104,96,158,27.9,25.2
815,656,Jalen Williams,SG,21,OKC,75,2276,.521,.579,.356,.567,.812,.601,.241,.258,110,106,99,104,104,103,90,67,35.1,35.3
816,657,Jaylin Williams,C,20,OKC,49,914,.436,.463,.407,.534,.704,.559,.231,.483,92,84,113,98,90,96,87,125,-5.2,-11.7
817,658,Jeenathan Williams,SG,23,POR,5,127,.615,.677,.375,.654,.667,.657,.077,.205,129,124,104,120,85,113,29,53,8.5,6.1
818,659,Kenrich Williams,PF,28,OKC,53,1206,.517,.608,.373,.590,.436,.585,.113,.387,109,111,103,108,56,101,42,100,30.7,2.8
819,660,Mark Williams,C,21,CHO,43,828,.637,.637,,.637,.691,.659,.386,.000,134,116,,117,88,113,145,,46.3,45.6
820,,,,,,,,,,,,,,,,,,,,,,,,,
821,,League Average,,,,,,.475,.548,.361,.545,.782,.581,.266,.387,,,,,,,,,,
822,,,,,,,,,,,,,,,,,,,,,,,,,
823,,,,,,,,Player Shooting %,Player Shooting %,Player Shooting %,Player Shooting %,Player Shooting %,Player Shooting %,Player Shooting %,Player Shooting %,League-Adjusted,League-Adjusted,League-Adjusted,League-Adjusted,League-Adjusted,League-Adjusted,League-Adjusted,League-Adjusted,,
824,Rk,Player,Pos,Age,Team,G,MP,FG,2P,3P,eFG,FT,TS,FTr,3PAr,FG+,2P+,3P+,eFG+,FT+,TS+,FTr+,3PAr+,FG Add,TS Add
825,661,Patrick Williams,PF,21,CHI,82,2323,.464,.497,.415,.549,.857,.576,.155,.409,98,91,115,101,110,99,58,106,4.7,-7.7
826,662,Robert Williams,C,25,BOS,35,824,.747,.751,.000,.747,.610,.742,.241,.006,157,137,,137,78,128,91,2,68.6,60.4
827,663,Vince Williams Jr.,SG,22,MEM,15,105,.300,.667,.143,.350,1.000,.367,.050,.700,63,122,40,64,128,63,19,181,-15.6,-17.5
828,664,Zion Williamson,PF,22,NOP,29,956,.608,.618,.368,.615,.714,.652,.529,.041,128,113,102,113,91,112,198,10,65.6,81.9
829,665,Ziaire Williams,SF,21,MEM,37,561,.429,.596,.258,.492,.773,.511,.112,.495,90,109,71,90,99,88,42,128,-20.7,-29.1
830,666,Dylan Windler,SF,26,CLE,3,10,.667,1.000,.500,.833,,.833,.000,.667,140,183,139,153,,143,,172,1.7,1.5
831,667,Justise Winslow,PF,26,POR,29,776,.409,.438,.311,.444,.714,.466,.141,.227,86,80,86,82,91,80,53,59,-39.9,-48.5
832,668,James Wiseman,C,21,TOT,45,867,.558,.580,.200,.563,.701,.589,.286,.059,117,106,55,103,90,101,107,15,12.3,6.3
833,669,James Wiseman,C,21,GSW,21,262,.628,.630,.500,.633,.684,.655,.404,.021,132,115,139,116,88,113,152,5,16.5,16.3
834,670,James Wiseman,C,21,DET,24,605,.531,.559,.167,.537,.712,.563,.241,.073,112,102,46,98,91,97,90,19,-4.2,-10.0
835,671,Christian Wood,C,27,DAL,67,1738,.515,.594,.376,.583,.772,.624,.365,.363,108,108,104,107,99,107,137,94,58.4,76.3
836,672,Delon Wright,PG,30,WAS,50,1221,.474,.564,.345,.545,.867,.581,.206,.409,100,103,96,100,111,100,77,106,-0.3,.0
837,673,McKinley Wright IV,PG,24,DAL,27,335,.469,.529,.321,.515,.684,.536,.194,.286,99,96,89,95,88,92,73,74,-5.9,-9.6
838,674,Gabe York,SG,29,IND,3,56,.381,.667,.333,.524,1.000,.548,.095,.857,80,122,92,96,128,94,36,221,-0.9,-1.4
839,675,Thaddeus Young,PF,34,TOR,54,795,.545,.622,.176,.561,.692,.573,.131,.172,115,114,49,103,89,99,49,44,6.1,-3.5
840,676,Trae Young,PG,24,ATL,73,2541,.429,.476,.335,.485,.886,.573,.460,.331,90,87,93,89,113,99,173,85,-167.8,-28.7
841,677,Omer Yurtseven,C,24,MIA,9,83,.593,.650,.429,.648,.833,.675,.222,.259,125,119,119,119,107,116,83,67,5.6,5.5
842,678,Cody Zeller,C,30,MIA,15,217,.627,.649,.000,.627,.686,.659,.593,.034,132,118,,115,88,113,223,9,9.7,11.5
843,679,Ivica Zubac,C,25,LAC,76,2170,.634,.637,.000,.634,.697,.661,.463,.004,133,116,,116,89,114,174,1,91.5,98.7
